<?xml version="1.0" encoding="utf-8"?>
<COLLADA xmlns="http://www.collada.org/2005/11/COLLADASchema" version="1.4.1" xmlns:xsi="http://www.w3.org/2001/XMLSchema-instance">
  <asset>
    <contributor>
      <author>Blender User</author>
      <authoring_tool>Blender 4.0.2 commit date:2023-12-05, commit time:07:41, hash:9be62e85b727</authoring_tool>
    </contributor>
    <created>2025-07-29T10:26:12</created>
    <modified>2025-07-29T10:26:12</modified>
    <unit name="meter" meter="1"/>
    <up_axis>Z_UP</up_axis>
  </asset>
  <library_effects>
    <effect id="TennaBtl-effect">
      <profile_COMMON>
        <newparam sid="tenna_btl_png-surface">
          <surface type="2D">
            <init_from>tenna_btl_png</init_from>
          </surface>
        </newparam>
        <newparam sid="tenna_btl_png-sampler">
          <sampler2D>
            <source>tenna_btl_png-surface</source>
          </sampler2D>
        </newparam>
        <technique sid="common">
          <lambert>
            <emission>
              <color sid="emission">0 0 0 1</color>
            </emission>
            <diffuse>
              <texture texture="tenna_btl_png-sampler" texcoord="UVMap"/>
            </diffuse>
            <index_of_refraction>
              <float sid="ior">1</float>
            </index_of_refraction>
          </lambert>
        </technique>
      </profile_COMMON>
    </effect>
  </library_effects>
  <library_images>
    <image id="tenna_btl_png" name="tenna_btl_png">
      <init_from>tenna_btl.png</init_from>
    </image>
  </library_images>
  <library_materials>
    <material id="TennaBtl-material" name="TennaBtl">
      <instance_effect url="#TennaBtl-effect"/>
    </material>
  </library_materials>
  <library_geometries>
    <geometry id="Cube_021-mesh" name="Cube.021">
      <mesh>
        <source id="Cube_021-mesh-positions">
          <float_array id="Cube_021-mesh-positions-array" count="1740">0.6722205 0.8158494 9.903521 -0.2744702 1.251252 12.0535 2.679363 1.174683 9.903521 2.680216 1.534788 12.0535 -0.2744702 1.040253 10.49614 2.680216 1.387196 10.49614 2.680216 0.1487252 10.68741 -0.2744702 0 11.94863 2.679363 0 9.903521 -0.2744702 0 10.49614 0.6722205 0 9.903521 2.680216 0 11.94863 2.680216 0 10.51795 2.680216 0 11.00348 3.989702 0 10.6453 1.97781 0.8409589 13.49294 1.277756 0.3127436 11.91329 1.9951 0.901124 13.47833 1.295046 0.3729085 11.89868 2.375845 0.9117551 13.8411 2.302555 1.177057 13.77211 2.302555 1.177057 13.37154 0.79956 0.5544108 6.583949 2.302555 0.6464536 13.77211 2.302555 0.6464536 13.37154 0.5811138 0 7.171023 0.6019662 0 6.634764 1.877045 1.177057 13.77211 1.877045 1.177057 13.37154 1.877045 0.6464536 13.77211 1.877045 0.6464536 13.37154 1.373644 0.521693 12.64365 1.390934 0.581858 12.62904 0.5467069 0 7.109584 0.5433907 0 9.884183 0.7457338 0.5535898 7.097503 0.7457338 1.309557 9.840743 2.284303 0 7.141455 2.284303 0 9.928647 1.822872 0.5535898 7.097503 1.822872 1.309557 9.840743 0.2843028 0 8.832184 0.7457338 1.274394 8.031577 1.822872 1.274394 8.031577 2.37857 0 8.063807 1.993791 0.824483 9.873303 2.153201 0.4608076 8.535531 2.014217 0.7538188 9.224106 2.330279 1.112404 9.452046 2.28887 0 9.901117 2.475512 0.7977712 8.564831 2.336529 1.090782 9.253407 2.09513 0.8736463 9.480767 2.45455 0 9.505827 2.28887 0.3440238 9.901117 2.39366 0.1081546 9.505827 2.645474 0 6.298647 2.50154 0.6751222 7.044303 1.282809 0.5319201 7.00776 1.282809 1.431351 9.924913 1.282809 0 7.054498 1.282809 0 10.01839 1.282809 1.389516 8.001051 1.282809 1.559571 8.962983 0.7849655 0.5544108 7.171023 0.7457338 1.416062 8.93616 1.822872 1.416062 8.93616 2.331436 0 8.996227 2.249078 0 6.296114 2.269931 0 7.171023 1.805651 0.5544108 6.34693 1.820246 0.5544108 7.171023 1.395964 0 6.289163 -0.03891116 1.046557 3.758747 0.191243 0 5.226541 0.9623283 2.107809 9.021553 1.245106 1.948917 9.970885 0.8358373 1.53779 9.021553 1.245106 1.410019 9.895252 1.527885 2.107809 9.021553 0.9623283 2.206933 8.95123 1.654376 1.53779 9.021553 0.8520947 2.318629 9.430821 0.6762945 1.228095 9.360415 1.813919 1.228095 9.360415 1.638118 2.318629 9.430821 0.8358373 1.456247 8.95123 1.527885 2.206933 8.95123 1.654376 1.456247 8.95123 0.9623283 2.329998 7.790905 0.8358373 1.579312 7.790905 1.527885 2.329998 7.790905 1.654376 1.579312 7.790905 1.071645 2.206496 7.487638 0.9940534 1.744509 7.487638 1.418568 2.206496 7.487638 1.49616 1.744509 7.487638 0.7178184 1.8359 9.021553 0.626284 1.474428 5.900897 1.772394 1.8359 9.021553 1.772394 1.844691 8.95123 1.977944 1.812101 9.395618 0.5122691 1.812101 9.395618 0.7178184 1.844691 8.95123 1.772394 1.967755 7.790905 0.7178184 1.967755 7.790905 1.568554 2.014241 7.487638 0.9216585 2.014241 7.487638 0.9168951 1.695804 7.575242 0.626284 2.46367 5.900897 0.9168951 2.242294 7.575242 1.924912 1.474428 5.900897 1.634301 1.695804 7.575242 1.924912 2.46367 5.900897 1.634301 2.242294 7.575242 1.275598 2.685132 5.900897 1.275598 2.364637 7.741125 1.275598 1.252965 5.900897 1.275598 1.573461 7.741125 1.275598 1.961435 6.286946 0.8572395 2.536552 4.327448 0.5304293 1.6333 5.691564 0.7829843 2.183093 5.073625 0.6950729 2.125415 5.890248 0.8572395 2.698014 4.849329 1.666488 1.6268 5.828481 0.9145458 1.847305 6.043605 1.858862 2.125415 5.890248 0.681465 1.742626 5.965899 1.939267 1.830166 5.373302 0.9221266 2.230092 5.967953 1.18405 2.334769 6.045658 1.18405 2.125624 4.545816 1.020645 1.661514 5.884252 1.181813 1.951984 6.12131 0.3819189 2.142391 5.017732 0.5304293 2.540624 4.816991 1.858862 2.540624 4.816991 2.007373 2.142391 5.017732 1.18405 2.223795 5.129517 1.18405 2.870055 4.881668 0.5304293 2.464821 4.353464 1.858862 2.464821 4.353464 2.018486 2.155656 4.538827 1.858862 2.390753 5.495503 1.18405 2.608283 4.301433 0.3708047 2.145153 4.584753 1.98284 1.3987 5.537817 2.193828 1.824186 5.64579 2.323434 1.359724 4.705108 2.483974 1.571317 4.813483 2.230078 1.828083 4.648951 2.081156 1.586551 4.562832 2.349137 1.631655 5.411072 2.191518 1.36817 5.311954 2.172096 1.641334 5.02354 2.099293 1.886549 5.158145 1.207778 0.3266867 3.570304 1.182596 0.2154194 5.673086 1.207778 0.8307474 3.598871 1.182596 0.6512755 5.975591 1.551261 0.3266867 3.570304 1.578681 0.2154194 5.673086 1.551261 0.8307474 3.598871 1.578681 0.5864527 5.971669 1.030479 0.5787181 3.584588 0.9781458 0.4595907 5.686924 1.72856 0.5787181 3.584588 1.783131 0.4595907 5.686924 1.11664 0.2501441 3.85594 1.11664 0.9716667 3.89683 1.559697 0.9003271 3.892787 1.559697 0.2501441 3.85594 1.928178 0.5376489 4.39899 0.8879432 0.5752362 3.874364 1.209 0.2797766 4.821996 1.209 0.8051826 4.851772 1.646279 0.7546952 4.696353 1.646279 0.2883948 4.669927 0.9832864 0.5604651 4.91665 1.368267 0.4474191 5.991125 1.381437 0.5864952 3.447357 1.086211 0.1717319 3.190464 1.141207 0.2587817 3.72199 1.086211 1.020227 3.190464 1.141207 0.9331789 3.72199 1.622271 0.1717319 3.190464 1.567275 0.2587817 3.72199 1.622271 1.020227 3.190464 1.567275 0.9331789 3.72199 0.8853362 0.5959797 3.190464 0.9815483 0.5959802 3.72199 1.823146 0.5959797 3.190464 1.814513 0.5959802 3.72199 1.093513 0.3140645 2.424845 1.093513 0.8778963 2.424845 1.614969 0.3140645 2.109975 1.614969 0.8778963 2.109975 0.8981103 0.5959804 2.542835 1.810372 0.5959804 1.991984 1.073905 0.09948921 0.6798316 1.073905 1.09247 0.6798316 1.776393 0.09948921 0.667576 1.776393 1.09247 0.667576 0.8106647 0.5959818 0.684424 2.039633 0.5959818 0.6629835 1.523794 0.5959797 0.829919 1.025677 0.4427528 0.123527 1.043561 0.4498997 0.7567389 1.025677 0.7776604 0.123527 1.043561 0.7705116 0.7567389 1.863792 0.3748207 0.123527 1.728327 0.3848648 0.7104234 1.863792 0.8455906 0.123527 1.728327 0.8355446 0.7104234 1.444735 0.9552174 0.123527 1.444735 0.9404945 0.7567389 1.444735 0.2651939 0.123527 1.444735 0.2799187 0.7567389 0.9786095 0.3958893 0.3508458 0.9786095 0.8245201 0.3508458 1.910859 0.9114647 0.3508458 1.910859 0.3089485 0.3508458 1.444735 0.2324943 0.3508458 1.444735 0.987917 0.3508458 1.207455 0.6002426 0.8371685 1.761726 0.295414 0.1142159 1.761726 0.295414 0.4340588 1.761726 0.9452667 0.1142159 1.761726 0.9452667 0.4340588 2.981183 0.2202548 0.1049653 2.981183 0.3975997 0.3527286 2.981183 1.020424 0.1049653 2.981183 0.8430815 0.3527286 1.593936 0.6212959 0.1142159 1.772776 0.6212959 0.6896868 4.104539 0.6215172 0.1142159 4.008884 0.6215172 0.3575344 2.940551 0.6215172 0.5554965 0.5938991 0 5.420321 0.6714116 0 6.583399 0.6819031 0.4021045 5.620928 0.7594156 0.2555988 6.561423 2.170276 0 5.673246 2.064231 0 6.583399 2.082271 0.4021045 5.947166 1.885696 0.2555988 6.561423 1.382088 0.6549942 5.620928 1.382088 0.4787052 6.561423 1.382088 0 5.420321 1.382088 0 6.583399 0.7774272 2.14064 4.542322 1.595711 2.183093 5.073625 1.521456 2.698014 4.849329 1.521456 2.536552 4.327448 1.601268 2.14064 4.542322 1.521456 2.362761 5.770581 1.858862 2.142174 3.95024 2.018486 1.896704 4.214223 1.521456 2.203849 3.905313 1.601268 1.883251 4.221753 1.858862 1.551512 3.718364 2.018486 1.463396 4.067904 1.521456 1.58395 3.6493 1.601268 1.455227 4.08098 1.18405 1.825491 4.077812 1.18405 2.30815 3.833428 1.521456 2.236419 3.859444 1.601268 1.840507 4.074317 1.18405 1.434526 3.88451 1.18405 1.72241 3.426464 1.521456 1.67432 3.485705 1.601268 1.445598 3.873781 0.8572395 2.173276 3.939779 1.18405 1.861053 4.284835 1.18405 2.231891 3.890928 0.7774272 1.873987 4.276443 0.8572395 1.526051 3.747552 1.18405 1.444307 4.205661 1.18405 1.549844 3.675053 0.7774272 1.450824 4.191689 0.8572395 2.236419 4.134142 0.5304293 2.164688 4.160158 0.3708047 1.855523 4.392745 0.7774272 1.840507 4.396239 0.8572395 1.461343 3.924866 0.5304293 1.449212 3.987622 0.3708047 1.459966 4.281248 0.7774272 1.455746 4.293768 1.803755 0.9117551 13.30255 1.803755 0.9117551 13.8411 2.375845 0.9117551 13.30255 1.714401 0.9117551 13.57182 2.369016 0.6464536 13.57182 1.810584 0.6464536 13.57182 1.810584 1.177057 13.57182 2.369016 1.177057 13.57182 2.4652 0.9117551 13.57182 2.0898 1.177057 13.83744 2.0898 0.9117551 13.21471 2.0898 0.9117551 13.92893 2.0898 1.177057 13.30621 2.0898 0.6464536 13.83744 2.0898 0.6464536 13.30621 2.0898 0.5550628 13.57182 2.0898 1.268447 13.57182 0.6722205 -0.8158494 9.903521 -0.2744702 -1.251252 11.84376 2.679363 -1.174683 9.903521 2.680216 -1.534788 11.84376 -0.2744702 -1.040253 10.49614 2.680216 -1.387196 10.49614 2.680216 -0.1487252 10.68741 2.047942 -0.8661109 13.14472 1.277756 -0.3127436 11.91329 2.052567 -0.9276039 13.12657 1.295046 -0.3729085 11.89868 2.52388 -0.989862 13.35166 2.401959 -1.243336 13.31421 2.276257 -1.235719 12.93395 0.79956 -0.5544108 6.583949 2.464399 -0.7165157 13.30412 2.338698 -0.7088994 12.92387 2.001057 -1.193263 13.44774 1.875356 -1.185646 13.06748 2.063497 -0.6664426 13.43765 1.937796 -0.6588263 13.05739 1.249773 -0.4618763 12.52201 1.2544 -0.5233692 12.50386 0.7457338 -0.5535898 7.097503 0.7457338 -1.309557 9.840743 1.822872 -0.5535898 7.097503 1.822872 -1.309557 9.840743 0.7457338 -1.274394 8.031577 1.822872 -1.274394 8.031577 1.993791 -0.824483 9.873303 2.153201 -0.4608076 8.535531 2.014217 -0.7538188 9.224106 2.330279 -1.112404 9.452046 2.475512 -0.7977712 8.564831 2.336529 -1.090782 9.253407 2.09513 -0.8736463 9.480767 2.28887 -0.3440238 9.901117 2.39366 -0.1081546 9.505827 2.50154 -0.6751222 7.044303 1.282809 -0.5319201 7.00776 1.282809 -1.431351 9.924913 1.282809 -1.389516 8.001051 1.282809 -1.559571 8.962983 0.7849655 -0.5544108 7.171023 0.7457338 -1.416062 8.93616 1.822872 -1.416062 8.93616 1.805651 -0.5544108 6.34693 1.820246 -0.5544108 7.171023 -0.03891116 -1.046557 3.758747 0.9623283 -2.107809 9.021553 1.245106 -1.948917 9.970885 0.8358373 -1.53779 9.021553 1.245106 -1.410019 9.895252 1.527885 -2.107809 9.021553 0.9623283 -2.206933 8.95123 1.654376 -1.53779 9.021553 0.8520947 -2.318629 9.430821 0.6762945 -1.228095 9.360415 1.813919 -1.228095 9.360415 1.638118 -2.318629 9.430821 0.8358373 -1.456247 8.95123 1.527885 -2.206933 8.95123 1.654376 -1.456247 8.95123 0.9623283 -2.329998 7.790905 0.8358373 -1.579312 7.790905 1.527885 -2.329998 7.790905 1.654376 -1.579312 7.790905 1.071645 -2.206496 7.487638 0.9940534 -1.744509 7.487638 1.418568 -2.206496 7.487638 1.49616 -1.744509 7.487638 0.7178184 -1.8359 9.021553 0.626284 -1.474428 5.900897 1.772394 -1.8359 9.021553 1.772394 -1.844691 8.95123 1.977944 -1.812101 9.395618 0.5122691 -1.812101 9.395618 0.7178184 -1.844691 8.95123 1.772394 -1.967755 7.790905 0.7178184 -1.967755 7.790905 1.568554 -2.014241 7.487638 0.9216585 -2.014241 7.487638 0.9168951 -1.695804 7.575242 0.626284 -2.46367 5.900897 0.9168951 -2.242294 7.575242 1.924912 -1.474428 5.900897 1.634301 -1.695804 7.575242 1.924912 -2.46367 5.900897 1.634301 -2.242294 7.575242 1.275598 -2.685132 5.900897 1.275598 -2.364637 7.741125 1.275598 -1.252965 5.900897 1.275598 -1.573461 7.741125 1.275598 -1.961435 6.286946 0.8572395 -2.536552 4.327448 0.5304293 -1.6333 5.691564 0.7829843 -2.183093 5.073625 0.6950729 -2.125415 5.890248 0.8572395 -2.698014 4.849329 1.666488 -1.6268 5.828481 0.9145458 -1.847305 6.043605 1.858862 -2.125415 5.890248 0.681465 -1.742626 5.965899 1.939267 -1.830166 5.373302 0.9221266 -2.230092 5.967953 1.18405 -2.334769 6.045658 1.18405 -2.125624 4.545816 1.020645 -1.661514 5.884252 1.181813 -1.951984 6.12131 0.3819189 -2.142391 5.017732 0.5304293 -2.540624 4.816991 1.858862 -2.540624 4.816991 2.007373 -2.142391 5.017732 1.18405 -2.223795 5.129517 1.18405 -2.870055 4.881668 0.5304293 -2.464821 4.353464 1.858862 -2.464821 4.353464 2.018486 -2.155656 4.538827 1.858862 -2.390753 5.495503 1.18405 -2.608283 4.301433 0.3708047 -2.145153 4.584753 1.98284 -1.3987 5.537817 2.193828 -1.824186 5.64579 2.323434 -1.359724 4.705108 2.483974 -1.571317 4.813483 2.230078 -1.828083 4.648951 2.081156 -1.586551 4.562832 2.349137 -1.631655 5.411072 2.191518 -1.36817 5.311954 2.172096 -1.641334 5.02354 2.099293 -1.886549 5.158145 1.207778 -0.3266867 3.570304 1.182596 -0.2154194 5.673086 1.207778 -0.8307474 3.598871 1.182596 -0.6512755 5.975591 1.551261 -0.3266867 3.570304 1.578681 -0.2154194 5.673086 1.551261 -0.8307474 3.598871 1.578681 -0.5864527 5.971669 1.030479 -0.5787181 3.584588 0.9781458 -0.4595907 5.686924 1.72856 -0.5787181 3.584588 1.783131 -0.4595907 5.686924 1.11664 -0.2501441 3.85594 1.11664 -0.9716667 3.89683 1.559697 -0.9003271 3.892787 1.559697 -0.2501441 3.85594 1.928178 -0.5376489 4.39899 0.8879432 -0.5752362 3.874364 1.209 -0.2797766 4.821996 1.209 -0.8051826 4.851772 1.646279 -0.7546952 4.696353 1.646279 -0.2883948 4.669927 0.9832864 -0.5604651 4.91665 1.368267 -0.4474191 5.991125 1.381437 -0.5864952 3.447357 1.086211 -0.1717319 3.190464 1.141207 -0.2587817 3.72199 1.086211 -1.020227 3.190464 1.141207 -0.9331789 3.72199 1.622271 -0.1717319 3.190464 1.567275 -0.2587817 3.72199 1.622271 -1.020227 3.190464 1.567275 -0.9331789 3.72199 0.8853362 -0.5959797 3.190464 0.9815483 -0.5959802 3.72199 1.823146 -0.5959797 3.190464 1.814513 -0.5959802 3.72199 1.093513 -0.3140645 2.424845 1.093513 -0.8778963 2.424845 1.614969 -0.3140645 2.109975 1.614969 -0.8778963 2.109975 0.8981103 -0.5959804 2.542835 1.810372 -0.5959804 1.991984 1.073905 -0.09948921 0.6798316 1.073905 -1.09247 0.6798316 1.776393 -0.09948921 0.667576 1.776393 -1.09247 0.667576 0.8106647 -0.5959818 0.684424 2.039633 -0.5959818 0.6629835 1.523794 -0.5959797 0.829919 1.025677 -0.4427528 0.123527 1.043561 -0.4498997 0.7567389 1.025677 -0.7776604 0.123527 1.043561 -0.7705116 0.7567389 1.863792 -0.3748207 0.123527 1.728327 -0.3848648 0.7104234 1.863792 -0.8455906 0.123527 1.728327 -0.8355446 0.7104234 1.444735 -0.9552174 0.123527 1.444735 -0.9404945 0.7567389 1.444735 -0.2651939 0.123527 1.444735 -0.2799187 0.7567389 0.9786095 -0.3958893 0.3508458 0.9786095 -0.8245201 0.3508458 1.910859 -0.9114647 0.3508458 1.910859 -0.3089485 0.3508458 1.444735 -0.2324943 0.3508458 1.444735 -0.987917 0.3508458 1.207455 -0.6002426 0.8371685 1.761726 -0.295414 0.1142159 1.761726 -0.295414 0.4340588 1.761726 -0.9452667 0.1142159 1.761726 -0.9452667 0.4340588 2.981183 -0.2202548 0.1049653 2.981183 -0.3975997 0.3527286 2.981183 -1.020424 0.1049653 2.981183 -0.8430815 0.3527286 1.593936 -0.6212959 0.1142159 1.772776 -0.6212959 0.6896868 4.104539 -0.6215172 0.1142159 4.008884 -0.6215172 0.3575344 2.940551 -0.6215172 0.5554965 0.6819031 -0.4021045 5.620928 0.7594156 -0.2555988 6.561423 2.082271 -0.4021045 5.947166 1.885696 -0.2555988 6.561423 1.382088 -0.6549942 5.620928 1.382088 -0.4787052 6.561423 0.7774272 -2.14064 4.542322 1.595711 -2.183093 5.073625 1.521456 -2.698014 4.849329 1.521456 -2.536552 4.327448 1.601268 -2.14064 4.542322 1.521456 -2.362761 5.770581 1.858862 -2.142174 3.95024 2.018486 -1.896704 4.214223 1.521456 -2.203849 3.905313 1.601268 -1.883251 4.221753 1.858862 -1.551512 3.718364 2.018486 -1.463396 4.067904 1.521456 -1.58395 3.6493 1.601268 -1.455227 4.08098 1.18405 -1.825491 4.077812 1.18405 -2.30815 3.833428 1.521456 -2.236419 3.859444 1.601268 -1.840507 4.074317 1.18405 -1.434526 3.88451 1.18405 -1.72241 3.426464 1.521456 -1.67432 3.485705 1.601268 -1.445598 3.873781 0.8572395 -2.173276 3.939779 1.18405 -1.861053 4.284835 1.18405 -2.231891 3.890928 0.7774272 -1.873987 4.276443 0.8572395 -1.526051 3.747552 1.18405 -1.444307 4.205661 1.18405 -1.549844 3.675053 0.7774272 -1.450824 4.191689 0.8572395 -2.236419 4.134142 0.5304293 -2.164688 4.160158 0.3708047 -1.855523 4.392745 0.7774272 -1.840507 4.396239 0.8572395 -1.461343 3.924866 0.5304293 -1.449212 3.987622 0.3708047 -1.459966 4.281248 0.7774272 -1.455746 4.293768 1.815874 -0.9122998 13.01994 1.984877 -0.9225398 13.53119 2.354878 -0.979622 12.84042 1.816189 -0.9069048 13.30361 2.464165 -0.7205284 13.09314 1.93803 -0.6548135 13.26838 1.87559 -1.181634 13.27847 2.401725 -1.247348 13.10323 2.523566 -0.995257 13.068 2.222009 -1.219541 13.44299 2.057814 -0.9442908 12.8468 2.281941 -0.9578709 13.52481 2.055306 -1.209441 12.9387 2.284449 -0.6927214 13.4329 2.117746 -0.6826207 12.92861 2.211852 -0.5969319 13.17902 2.127903 -1.30523 13.19258</float_array>
          <technique_common>
            <accessor source="#Cube_021-mesh-positions-array" count="580" stride="3">
              <param name="X" type="float"/>
              <param name="Y" type="float"/>
              <param name="Z" type="float"/>
            </accessor>
          </technique_common>
        </source>
        <source id="Cube_021-mesh-normals">
          <float_array id="Cube_021-mesh-normals-array" count="1743">-6.70244e-4 0.9997756 -0.02117317 -0.5740961 0.5282694 0.6255759 -0.03761839 0.6268085 0.7782649 -0.5913435 0.5651372 0.5752677 -0.8748145 0 -0.4844582 -0.7071097 -0.05574125 0.7049034 0.9308366 0 -0.365436 0.875999 0.4785436 -0.06018251 0.997716 0 -0.06755 -0.2388617 0.4271786 -0.8720457 0.629606 0.7555536 -0.1809293 0.5556449 0.5117579 -0.6552577 0.3409268 0.707534 0.619003 -0.7826796 0 0.6224248 0.8137943 0 0.5811531 0.9811553 0 0.1932213 -0.6650462 0.7465357 -0.01995515 -0.6392719 0.7038958 -0.3096162 -0.9999369 0 0.01123768 0.6096581 0.7363508 -0.2934357 0.9992946 0 0.03755325 0.4437587 0.4584456 -0.770004 0.5382682 0.6237526 0.5667452 -0.7050326 0.5545364 -0.4420616 -0.5400453 0.4147274 -0.7323607 -5.59404e-4 0.9161177 -0.400909 -3.77293e-4 0.3508207 -0.9364427 -0.5187444 -0.6681884 0.5333185 -1 0 -5.07783e-7 -0.7364524 -0.6764895 0 0 1 0 0.5187456 0.6681879 0.5333181 0.736452 0.6764898 -7.31312e-7 -0.7267679 0.6298054 -0.2741416 0.2860724 0.7434934 -0.6044669 -0.1974186 0 -0.9803193 -0.5187456 0.6681878 0.5333181 -0.7364524 0.6764894 -7.31312e-7 1 -1.7588e-7 -5.1062e-7 0.5187448 0.6681882 -0.5333182 0.7017736 -4.52523e-7 -0.7124001 0.9999999 4.97259e-4 -4.36587e-4 -0.5187448 0.6681882 -0.5333184 -0.7017735 -3.45678e-7 -0.7124001 0.7898278 0 -0.6133289 0.95729 -0.2857737 -0.04392451 0.9999991 -2.10382e-4 -0.001363158 0 -1 0 -0.5187451 -0.6681882 -0.5333181 0 -0.6684624 -0.7437459 0.9586795 0.07989019 0.2730408 1 0 0 0.5187451 -0.6681882 -0.5333181 0.9999991 0 -0.001387536 0.590788 0.5888094 0.5516096 0.6779232 0.7346982 -0.0252766 0 -1.91957e-7 -1 0 0.6684622 -0.7437462 0 -3.50529e-7 1 0 0.6684626 0.7437458 0 -0.668462 0.7437463 -0.6712102 0 0.7412671 -0.9773715 0 -0.2115299 -0.4682733 0.6562535 0.5916516 0.5187444 -0.6681883 0.5333185 0.736452 -0.6764898 0 0.9932204 -0.008489966 0.1159361 -0.1026718 0 0.9947153 0.7464108 0.1409312 0.6503918 0.8087041 0 -0.5882157 0.9572908 -0.2857708 -0.0439254 0.7149118 -0.6923336 0.09785407 0.7730196 0 0.6343823 0.5988144 -0.6171609 0.510425 0.8210404 -0.3461688 -0.4539383 0.002873659 0 -0.9999959 -0.7445329 0 -0.6675859 0.7066161 0 -0.7075972 0.6742078 -0.6716065 0.3072273 0.714913 -0.6923323 0.09785383 0.9987248 0 0.05048513 -0.2760238 0 -0.9611508 0.9605482 0 0.2781139 0.8868504 0.3903356 0.247254 0.9666116 0 0.2562461 0.965413 0 0.2607256 0.9863037 0.153296 0.06087291 0.8210424 -0.3461686 -0.4539348 0.9982328 0 0.05942505 0.7071068 -0.04820317 0.7054619 -0.9483388 0 0.3172594 0.9823106 -0.1071225 -0.1535929 3.26088e-7 0.5132935 -0.8582132 0.6362205 0.7712669 0.01925915 -0.6362205 0.7712669 0.01925951 -0.9823107 -0.1071222 -0.1535925 0 -0.2858331 -0.9582795 -0.4812967 -0.867828 -0.123403 0.4812967 -0.8678279 -0.1234028 -0.7245194 0.682829 0.09389501 0.5192599 0.7991958 -0.3027465 0.7245196 0.6828289 0.09389436 -0.4071742 -0.8012375 -0.4384378 -0.956712 -0.1428034 0.2535933 -0.9845051 -0.1651284 -0.05901205 0.4908045 -0.8544048 -0.1705974 -0.4908047 -0.8544046 -0.1705979 -0.9487606 -0.1564403 0.2745539 0.9487608 -0.1564401 0.2745536 0.9845051 -0.1651284 -0.05901199 0.5810722 0.7462607 0.3247308 -0.322328 0.4684063 0.822618 0.3223281 0.4684063 0.822618 0.407174 -0.8012378 -0.4384374 -0.4616989 -0.8697143 0.1744459 -0.5192599 0.7991958 -0.3027464 0.956712 -0.1428033 0.2535932 -0.5564239 -0.1461704 0.8179405 0.2442968 -0.5620775 0.7901822 0.556424 -0.1461706 0.8179405 0.4616987 -0.8697144 0.1744457 -0.244297 -0.5620774 0.7901822 -0.5810722 0.7462607 0.3247308 -0.9188312 0.2387054 0.3142754 -0.7318582 -0.4328946 0.5262945 -0.6226236 0.4441784 -0.6442403 -0.6209968 -0.444747 -0.6454171 -2.53483e-7 0.6900339 -0.7237771 0.7318585 0.4328945 0.5262942 0.6226233 0.4441785 -0.6442404 0.6209968 -0.4447467 -0.6454172 2.17387e-7 -0.6873528 -0.7263237 0 0.004534661 -0.9999898 -0.731859 0.4328943 0.5262937 6.49146e-7 -0.6358841 0.7717847 -6.49146e-7 0.6358842 0.7717846 0.731859 -0.4328943 0.5262936 -0.9024093 -0.4302032 0.02413982 -0.6872196 0.4153745 0.5959809 -0.6804445 0.7289735 0.07478642 0.5467101 0.3152765 0.775699 0.3132598 0.836385 0.4498095 -0.05952644 0.6285911 0.7754546 0.8240985 0.1158107 0.5544814 -0.1250243 0.7789822 -0.6144556 0.6207526 0.7371454 0.2669885 -0.5936123 0.6670678 -0.4501613 0.6826139 0.3058187 -0.6637118 -0.5839028 0.3257299 -0.7436112 -0.2787723 0.8176107 -0.5037845 0.5704544 0.4466429 -0.6892691 -0.6788755 0.3841964 -0.6257166 0.01055884 -0.1673107 0.9858477 0.06439173 -0.9125806 0.4037951 -0.2333162 -0.3021011 0.9242827 -0.4539997 0.5487707 0.7019509 0.6014067 0.7287418 -0.3274835 0.9133205 -0.2375416 0.3307864 0.5982106 0.4754279 -0.6450677 -0.6505913 -0.7592601 0.01597493 -0.4020983 -0.5758259 0.7118577 -0.01741969 0.9998157 0.008082807 0.4044098 0.9142766 -0.0234732 -0.01196068 -0.9662559 -0.2573065 -0.5795508 -0.4586791 -0.6735981 0.684136 0.7293162 -0.007476747 0.9249542 -0.3613051 0.1179764 0.2514584 0.8776997 -0.4079362 -0.1205472 -0.9437878 -0.307787 0.03646951 -0.9210895 0.3876395 0.005280077 -0.9419723 0.3356493 0.05251729 -0.8636956 0.5012703 -0.9362305 -0.3201624 0.1448048 0.1296506 -0.9570665 -0.2592577 -0.437395 0.8987329 0.03106218 -0.02842867 0.8788703 -0.4762131 -0.008384704 -0.9813879 0.1918531 -0.5878503 -0.04292738 -0.8078301 0.973825 0.0351116 -0.2245706 0.2556035 -0.8135848 -0.5222516 0.8833954 -0.4550971 -0.1117995 -0.9446001 0.2847262 -0.1632843 -0.01384556 0.8189197 -0.5737411 0.2677435 -0.945983 0.1828377 -0.3052605 -0.9013566 0.3072009 0.9188545 0.01368987 0.3943592 -0.9970067 0.0639652 0.04343003 -0.4486951 0.5152909 0.73017 -0.3172792 0.9387387 0.1345506 0.4515081 0.8822041 0.1336287 0.9998897 -0.001540005 -0.01477193 0.3880827 -0.8626538 0.324377 0.3741729 -0.9272482 -0.01433229 -0.42281 -0.906117 -0.01355445 -0.7388076 0.02682507 -0.6733823 0.002219319 0.05658286 -0.9983955 -0.3375802 -0.6805722 -0.6502778 0.9330427 0.01067417 0.3596075 -0.03167241 -0.4445599 0.8951891 -0.9537752 -0.07607764 0.2907322 -0.3429279 0.659926 -0.6685045 0.5610485 0.339212 0.7550894 -0.4141495 -0.8639988 0.2863327 -0.9879594 -0.01889967 -0.1535552 0.4140431 0.7108344 -0.5685797 0.8122416 0.0313754 -0.5824768 0.3837397 -0.9128574 -0.1394103 0.3856878 -0.6921153 -0.6100996 -0.4459555 0.887283 -0.1176968 -0.4813874 -0.8648918 -0.1422266 0.4728025 0.8780985 -0.07349038 -0.7252844 0 0.6884495 -0.5144428 0.8571713 0.02461796 -0.9969903 -3.13919e-7 0.07752686 -0.3945434 0.6232634 0.6751876 0.5196222 0.8540003 0.02601134 0.7854778 0.03518718 0.6178888 0.5041319 -0.8636206 0.003247916 0.9998019 0.01968395 0.002968072 0.3242128 -0.6487371 0.6884956 -0.5144426 -0.8571714 0.02461796 0.361298 0.645504 0.6728956 -0.3945434 -0.6232627 0.6751883 0.4930293 0.8681371 0.05709755 -0.9992836 1.77741e-7 -0.03784728 0.4930295 -0.8681371 0.05709755 -0.3796661 -0.680458 -0.626762 0.4009602 -0.6671259 -0.6278328 0.9930707 2.50698e-7 0.1175188 0.7616232 1.50802e-6 -0.6480203 -0.4958629 -0.8673647 -0.04240983 -0.4958623 0.867365 -0.04240894 -0.7632858 1.39842e-6 -0.646061 -0.06082987 0 -0.9981482 -0.3796648 0.6804581 -0.6267626 0.4009593 0.6671261 -0.6278331 -0.6764453 -0.4635869 0.5722841 -0.8094311 0.5861561 -0.03524875 -0.8094285 -0.5861595 -0.03525167 -0.06634587 0.9977912 -0.003334343 0.5629958 0.4567422 0.6887832 0.7653235 0.6401931 0.06658017 0.7653261 -0.64019 0.06658059 -0.06634557 -0.9977912 -0.003334581 0.5653906 0.4288022 -0.7046007 -0.05373567 -0.7183572 -0.6935961 -0.05373424 0.7183571 -0.6935962 0.04441356 -0.7662616 0.6409919 -0.1090033 -0.01104664 0.99398 0.5634016 -0.456706 0.6884754 -0.5952072 -0.3967599 -0.6987919 -0.5952074 0.3967642 -0.6987893 -0.672298 0.4632512 0.5774198 0.565391 -0.4288038 -0.7045994 0.0431509 0.764309 0.6434049 -0.8385465 8.96486e-4 -0.5448294 -0.4945933 0.759455 0.4226175 -0.4345971 0.6644761 -0.6079449 0.1856701 0.8730961 -0.4508103 0.7509872 0.05641651 0.6579024 0.07792568 -0.8944759 -0.4402731 0.9173343 0.03915274 -0.3961879 0.09956556 -0.7564989 0.6463714 -0.3971182 -0.6980684 -0.5958169 0.1547274 0.002469599 0.9879541 0.159635 0.7470086 0.6453642 -0.467715 -0.7862339 0.4038305 -0.4479863 0.001118898 0.8940398 -0.7145527 0 0.6995817 -0.6315487 0.6709606 -0.3885332 -0.6824141 0 -0.7309658 -0.003168344 0.7136414 0.7005041 0.7188905 0.6756526 -0.1633707 0.08759981 0.8554163 -0.5104794 0.6907491 0 0.7230945 0.7708142 0 -0.63706 0.1816322 0 -0.9833666 -0.5279205 0.5359514 0.6588294 9.41405e-4 0 0.9999997 0.3855865 0.5251647 0.7586338 -0.5876619 0.5886234 -0.5551361 -0.693996 -0.4087435 0.5927044 0.7114444 -0.6533104 0.2589063 -0.6339512 0.4700189 -0.6141565 -0.511795 -0.7421343 0.4327848 0.4899376 -0.409203 -0.7697495 -0.5739472 -0.322001 -0.7529277 0.8423625 -0.3646185 0.3968361 0.5674175 -0.2188645 -0.7938109 0.6819509 0.5216122 -0.5127024 -0.7620804 -0.4313328 0.4828929 -0.5626447 -0.7919178 0.2372704 0.6361246 -0.7489807 0.1854012 -0.5195001 -0.1161131 -0.8465443 0.5122807 -0.3862144 -0.7670769 -0.5701506 -0.4675324 -0.6755307 -0.8484905 -0.2522515 0.4652238 0.7677853 -0.2971791 0.5676183 0.5672532 -0.6750828 0.4716855 -0.6427571 -0.6500504 0.4053368 -0.884812 -0.2017093 0.4200252 -0.4681335 -0.5610677 -0.6826816 -0.7548043 -0.5802043 0.3059959 0.6388723 -0.2644486 0.7224327 0.5062502 -0.6576293 0.557884 0.5793633 -0.4748458 -0.6624649 0.7017731 2.13692e-7 0.7124007 -0.7017729 3.07968e-7 0.7124007 -6.70244e-4 -0.9997756 -0.02117317 -0.03761839 -0.6268085 0.7782649 -0.5740961 -0.5282694 0.6255759 -0.6008071 -0.6140143 0.5118763 0.875999 -0.4785436 -0.06018251 -0.2388617 -0.4271786 -0.8720457 0.5556449 -0.5117579 -0.6552577 0.6312514 -0.7529033 -0.1861674 0.3409268 -0.707534 0.619003 -0.6650462 -0.7465357 -0.01995515 -0.6392719 -0.7038958 -0.3096162 0.6096581 -0.7363508 -0.2934357 0.4437587 -0.4584456 -0.770004 0.5445815 -0.6614772 0.5156347 -0.705616 -0.5494127 -0.4474952 -0.5400453 -0.4147274 -0.7323607 -3.77293e-4 -0.3508207 -0.9364427 -5.59404e-4 -0.9161177 -0.400909 -0.2427557 0.7143274 0.6563582 -0.6142531 0.7583298 0.2182412 -0.9421662 0.1176777 0.3138068 -0.1176771 -0.9928699 0.01901364 0.614254 -0.7583292 -0.2182403 0.5774738 -0.7346084 0.3561946 -0.7267679 -0.6298054 -0.2741416 0.2860724 -0.7434934 -0.6044669 -0.7734681 -0.5850023 0.2439665 -0.4000164 -0.6125192 0.6817677 0.9421661 -0.1176778 -0.3138075 0.2427557 -0.7143275 -0.656358 0.4376317 -0.06903797 -0.8965 0.9999999 -4.97259e-4 -4.36587e-4 -0.8847436 0.09612852 -0.4560573 -0.7347352 -0.592238 -0.3307845 0.9954985 0.05138486 0.07963818 0.9999991 2.10382e-4 -0.001363158 0.1176772 0.9928699 -0.0190137 -0.1547313 0.6778374 -0.7187452 -0.5774719 0.7346094 -0.3561956 0.9586795 -0.07989019 0.2730408 0.4000151 0.6125191 -0.6817685 0.6779232 -0.7346982 -0.0252766 0.590788 -0.5888094 0.5516096 -0.3138068 0.01901417 -0.9492965 -0.3120568 -0.6495553 -0.6933243 0.1547288 -0.6778386 0.7187447 0.3138071 -0.01901364 0.9492964 0.3120551 0.6495549 0.6933254 -0.4682733 -0.6562535 0.5916516 0.7734687 0.5850014 -0.2439669 0.7347345 0.5922385 0.3307853 0.9932204 0.008489966 0.1159361 0.7464108 -0.1409312 0.6503918 0.9622353 0.2508627 0.1056938 0.7149118 0.6923336 0.09785407 0.5988144 0.6171609 0.510425 0.6718423 0.2557129 -0.6951538 0.6742078 0.6716065 0.3072273 0.714913 0.6923323 0.09785383 0.8868504 -0.3903356 0.247254 0.9863037 -0.153296 0.06087291 0.6718474 0.2557126 -0.6951491 0.9823106 0.1071225 -0.1535929 0.6362205 -0.7712669 0.01925915 3.26088e-7 -0.5132935 -0.8582132 -0.6362205 -0.7712669 0.01925951 -0.9823107 0.1071222 -0.1535925 -0.4812967 0.867828 -0.123403 0 0.2858331 -0.9582795 0.4812967 0.8678279 -0.1234028 -0.7245194 -0.682829 0.09389501 0.7245196 -0.6828289 0.09389436 0.5192599 -0.7991958 -0.3027465 -0.4071742 0.8012375 -0.4384378 -0.9845051 0.1651284 -0.05901205 -0.956712 0.1428034 0.2535933 -0.4908047 0.8544046 -0.1705979 0.4908045 0.8544048 -0.1705974 -0.9487606 0.1564403 0.2745539 0.9487608 0.1564401 0.2745536 0.9845051 0.1651284 -0.05901199 0.5810722 -0.7462607 0.3247308 0.3223281 -0.4684063 0.822618 -0.322328 -0.4684063 0.822618 0.407174 0.8012378 -0.4384374 -0.4616989 0.8697143 0.1744459 -0.5192599 -0.7991958 -0.3027464 0.956712 0.1428033 0.2535932 -0.5564239 0.1461704 0.8179405 0.556424 0.1461706 0.8179405 0.2442968 0.5620775 0.7901822 0.4616987 0.8697144 0.1744457 -0.244297 0.5620774 0.7901822 -0.5810722 -0.7462607 0.3247308 -0.9188312 -0.2387054 0.3142754 -0.7318582 0.4328946 0.5262945 -0.6209968 0.444747 -0.6454171 -0.6226236 -0.4441784 -0.6442403 -2.53483e-7 -0.6900339 -0.7237771 0.6226233 -0.4441785 -0.6442404 0.7318585 -0.4328945 0.5262942 0.6209968 0.4447467 -0.6454172 2.17387e-7 0.6873528 -0.7263237 0 -0.004534661 -0.9999898 -0.731859 -0.4328943 0.5262937 -6.49146e-7 -0.6358842 0.7717846 6.49146e-7 0.6358841 0.7717847 0.731859 0.4328943 0.5262936 -0.9024093 0.4302032 0.02413982 -0.6804445 -0.7289735 0.07478642 -0.6872196 -0.4153745 0.5959809 0.5467101 -0.3152765 0.775699 -0.05952644 -0.6285911 0.7754546 0.3132598 -0.836385 0.4498095 0.8240985 -0.1158107 0.5544814 0.6207526 -0.7371454 0.2669885 -0.1250243 -0.7789822 -0.6144556 -0.5936123 -0.6670678 -0.4501613 -0.5839028 -0.3257299 -0.7436112 0.6826139 -0.3058187 -0.6637118 -0.2787723 -0.8176107 -0.5037845 -0.6788755 -0.3841964 -0.6257166 0.5704544 -0.4466429 -0.6892691 0.01055884 0.1673107 0.9858477 0.06439173 0.9125806 0.4037951 -0.4539997 -0.5487707 0.7019509 -0.2333162 0.3021011 0.9242827 0.6014067 -0.7287418 -0.3274835 0.5982106 -0.4754279 -0.6450677 0.9133205 0.2375416 0.3307864 -0.4020983 0.5758259 0.7118577 -0.6505913 0.7592601 0.01597493 -0.01741969 -0.9998157 0.008082807 0.4044098 -0.9142766 -0.0234732 -0.5795508 0.4586791 -0.6735981 -0.01196068 0.9662559 -0.2573065 0.684136 -0.7293162 -0.007476747 0.9249542 0.3613051 0.1179764 0.2514584 -0.8776997 -0.4079362 -0.1205472 0.9437878 -0.307787 0.005280077 0.9419723 0.3356493 0.03646951 0.9210895 0.3876395 0.05251729 0.8636956 0.5012703 -0.9362305 0.3201624 0.1448048 0.1296506 0.9570665 -0.2592577 -0.437395 -0.8987329 0.03106218 -0.02842867 -0.8788703 -0.4762131 -0.008384704 0.9813879 0.1918531 -0.5878503 0.04292738 -0.8078301 0.2556035 0.8135848 -0.5222516 0.973825 -0.0351116 -0.2245706 0.8833954 0.4550971 -0.1117995 -0.9446001 -0.2847262 -0.1632843 -0.01384556 -0.8189197 -0.5737411 -0.3052605 0.9013566 0.3072009 0.2677435 0.945983 0.1828377 0.9188545 -0.01368987 0.3943592 -0.9970067 -0.0639652 0.04343003 -0.3172792 -0.9387387 0.1345506 -0.4486951 -0.5152909 0.73017 0.4515081 -0.8822041 0.1336287 0.9998897 0.001540005 -0.01477193 0.3741729 0.9272482 -0.01433229 0.3880827 0.8626538 0.324377 -0.42281 0.906117 -0.01355445 -0.7388076 -0.02682507 -0.6733823 -0.3375802 0.6805722 -0.6502778 0.002219319 -0.05658286 -0.9983955 0.9330427 -0.01067417 0.3596075 -0.03167241 0.4445599 0.8951891 -0.9537752 0.07607764 0.2907322 -0.3429279 -0.659926 -0.6685045 0.5610485 -0.339212 0.7550894 -0.4141495 0.8639988 0.2863327 -0.9879594 0.01889967 -0.1535552 0.4140431 -0.7108344 -0.5685797 0.8122416 -0.0313754 -0.5824768 0.3837397 0.9128574 -0.1394103 0.3856878 0.6921153 -0.6100996 -0.4459555 -0.887283 -0.1176968 -0.4813874 0.8648918 -0.1422266 0.4728025 -0.8780985 -0.07349038 -0.7252844 0 0.6884495 -0.9969903 3.13919e-7 0.07752686 -0.5144428 -0.8571713 0.02461796 -0.3945434 -0.6232634 0.6751876 0.5196222 -0.8540003 0.02601134 0.7854778 -0.03518718 0.6178888 0.9998019 -0.01968395 0.002968072 0.5041319 0.8636206 0.003247916 0.3242128 0.6487371 0.6884956 -0.5144426 0.8571714 0.02461796 0.361298 -0.645504 0.6728956 -0.3945434 0.6232627 0.6751883 0.4930293 -0.8681371 0.05709755 -0.9992836 -1.77741e-7 -0.03784728 0.4930295 0.8681371 0.05709755 0.4009602 0.6671259 -0.6278328 -0.3796661 0.680458 -0.626762 0.9930707 -2.50698e-7 0.1175188 0.7616232 -1.50802e-6 -0.6480203 -0.4958629 0.8673647 -0.04240983 -0.4958623 -0.867365 -0.04240894 -0.7632858 -1.39842e-6 -0.646061 -0.06082987 0 -0.9981482 -0.3796648 -0.6804581 -0.6267626 0.4009593 -0.6671261 -0.6278331 -0.6764453 0.4635869 0.5722841 -0.8094285 0.5861595 -0.03525167 -0.8094311 -0.5861561 -0.03524875 -0.06634587 -0.9977912 -0.003334343 0.7653235 -0.6401931 0.06658017 0.5629958 -0.4567422 0.6887832 0.7653261 0.64019 0.06658059 -0.06634557 0.9977912 -0.003334581 0.5653906 -0.4288022 -0.7046007 -0.05373424 -0.7183571 -0.6935962 -0.05373567 0.7183572 -0.6935961 -0.1090033 0.01104664 0.99398 0.04441356 0.7662616 0.6409919 0.5634016 0.456706 0.6884754 -0.5952074 -0.3967642 -0.6987893 -0.5952072 0.3967599 -0.6987919 -0.672298 -0.4632512 0.5774198 0.565391 0.4288038 -0.7045994 0.0431509 -0.764309 0.6434049 -0.8385465 -8.96486e-4 -0.5448294 -0.4345971 -0.6644761 -0.6079449 -0.4945933 -0.759455 0.4226175 0.1856701 -0.8730961 -0.4508103 0.7509872 -0.05641651 0.6579024 0.9173343 -0.03915274 -0.3961879 0.07792568 0.8944759 -0.4402731 0.09956556 0.7564989 0.6463714 -0.3971182 0.6980684 -0.5958169 0.1547274 -0.002469599 0.9879541 0.159635 -0.7470086 0.6453642 -0.467715 0.7862339 0.4038305 -0.4479863 -0.001118898 0.8940398 -0.6315487 -0.6709606 -0.3885332 -0.003168344 -0.7136414 0.7005041 0.08759981 -0.8554163 -0.5104794 0.7188905 -0.6756526 -0.1633707 -0.5279205 -0.5359514 0.6588294 0.3855865 -0.5251647 0.7586338 -0.5876619 -0.5886234 -0.5551361 -0.693996 0.4087435 0.5927044 0.7114444 0.6533104 0.2589063 -0.6339512 -0.4700189 -0.6141565 -0.511795 0.7421343 0.4327848 0.4899376 0.409203 -0.7697495 -0.5739472 0.322001 -0.7529277 0.8423625 0.3646185 0.3968361 0.6819509 -0.5216122 -0.5127024 0.5674175 0.2188645 -0.7938109 -0.7620804 0.4313328 0.4828929 -0.5626447 0.7919178 0.2372704 0.6361246 0.7489807 0.1854012 -0.5195001 0.1161131 -0.8465443 -0.5701506 0.4675324 -0.6755307 0.5122807 0.3862144 -0.7670769 0.7677853 0.2971791 0.5676183 -0.8484905 0.2522515 0.4652238 0.5672532 0.6750828 0.4716855 -0.6427571 0.6500504 0.4053368 -0.884812 0.2017093 0.4200252 -0.7548043 0.5802043 0.3059959 -0.4681335 0.5610677 -0.6826816 0.6388723 0.2644486 0.7224327 0.5062502 0.6576293 0.557884 0.5793633 0.4748458 -0.6624649 0.884743 -0.09612756 0.4560585 -0.4376305 0.06903785 0.8965007</float_array>
          <technique_common>
            <accessor source="#Cube_021-mesh-normals-array" count="581" stride="3">
              <param name="X" type="float"/>
              <param name="Y" type="float"/>
              <param name="Z" type="float"/>
            </accessor>
          </technique_common>
        </source>
        <source id="Cube_021-mesh-map-0">
          <float_array id="Cube_021-mesh-map-0-array" count="6288">0.7861428 0.8729891 0.8029241 0.9934245 0.7947493 0.999074 0.2307228 0.9972763 0.1258051 0.8368087 0.1258052 0.996347 0.2536039 0.8180301 0.2536039 0.8369455 0.3727084 0.8445494 0.2513338 0.88326 0.3718354 0.914068 0.3717911 0.88326 0.243978 0.2479677 0.1279906 0.2479677 0.1279906 0.2479677 0.2536039 0.8369455 0.2536039 0.8722271 0.3727084 0.8445494 0.7957756 0.8711888 0.7988395 0.8105499 0.8908225 0.8642099 0.7597002 0.7466769 0.6710096 0.7508752 0.7711914 0.6250045 0.3718354 0.9950298 0.2514523 0.914068 0.2514523 0.9950298 0.7926701 0.6246528 0.7905302 0.8083465 0.7965117 0.6186292 0.2165494 0.9361758 0.127952 0.8692908 0.2165494 0.8692908 0.008833885 0.8692908 0.03935468 0.9361758 0.03935468 0.8692908 0.243978 0.07825708 0.243978 0.009740054 0.1279906 0.006992399 0.127952 0.8692908 0.03935468 0.9361758 0.03935468 0.8692908 0.03935468 0.9361758 0.127952 0.8692908 0.03935468 0.8692908 0.03935468 0.8024058 0.127952 0.8692908 0.127952 0.7793648 0.2466837 0.5036444 0.1368478 0.5870873 0.1235758 0.5719655 0.127952 0.8692908 0.03935468 0.8024058 0.127952 0.7793648 0.243978 0.009740054 0.1279906 0.2479677 0.1279906 0.00900191 0.3104783 0.8803306 0.3734838 0.995489 0.3121612 0.9966847 0.2466837 0.5036444 0.2471328 0.5700184 0.1368478 0.5870873 0.2470701 0.8692908 0.2165494 0.8024058 0.2425537 0.7552261 0.2513338 0.88326 0.2514523 0.914068 0.3718354 0.914068 0.7597002 0.7466769 0.6773939 0.812322 0.6710096 0.7508752 0.1368478 0.5870873 0.2471328 0.5700184 0.1235758 0.615293 0.127952 0.8692908 0.2165494 0.8024058 0.127952 0.7793648 0.1248062 0.5036444 0.2466837 0.5036444 0.1235758 0.5719655 0.7795469 0.8680018 0.7621471 0.9823389 0.7695593 0.8645079 0.127952 0.7500334 0.2165494 0.8024058 0.2425537 0.7552261 0.7795469 0.8680018 0.7706235 0.993303 0.7621471 0.9823389 0.03935468 0.8024058 0.127952 0.7500334 0.01469367 0.7552261 0.03935468 0.9361758 0.127952 0.9885482 0.01469367 0.9833556 0.127952 0.9885482 0.2165494 0.9361758 0.2425537 0.9833556 0.2307228 0.9972763 0.2300671 0.8368087 0.1258051 0.8368087 0.243978 0.07825708 0.243978 0.2479677 0.243978 0.009740054 0.7677119 0.7427006 0.7695593 0.8645079 0.7597002 0.7466769 0.8029241 0.9934245 0.8908225 0.8642099 0.8908225 0.9963403 0.7861428 0.8729891 0.7957756 0.8711888 0.8029241 0.9934245 0.7905302 0.8083465 0.7957756 0.8711888 0.7861428 0.8729891 0.1279906 0.2402153 0.243978 0.2479677 0.243978 0.2255257 0.7926701 0.6246528 0.7988395 0.8105499 0.7905302 0.8083465 0.127952 0.8692908 0.2165494 0.9361758 0.2165494 0.8692908 0.7597002 0.7466769 0.6814535 0.9020158 0.6773939 0.812322 0.2470701 0.8692908 0.2165494 0.9361758 0.2165494 0.8692908 0.8908225 0.9819709 0.8354826 0.9956099 0.8908225 0.9963403 0.7711914 0.6250045 0.6710096 0.7508752 0.6710099 0.6307296 0.3104783 0.8803306 0.371853 0.8818095 0.3734838 0.995489 0.4575195 0.7075427 0.5582606 0.7075427 0.5582606 0.8082839 0.5079469 0.8290181 0.5590236 0.8163459 0.5590236 0.9969598 0.3718354 0.9950298 0.3718354 0.914068 0.2514523 0.914068 0.4575195 0.7075427 0.5582606 0.7075427 0.5582606 0.8082839 0.2521045 0.8803139 0.3121612 0.9966847 0.2514098 0.9978694 0.4575195 0.7075427 0.5582606 0.7075427 0.5582606 0.8082839 0.7695593 0.8645079 0.6814535 0.9020158 0.7597002 0.7466769 0.7621471 0.9823389 0.7283887 0.9976538 0.6814535 0.9020158 0.7926701 0.6246528 0.8908225 0.8642099 0.7988395 0.8105499 0.2495827 0.7474675 0.1235758 0.615293 0.2471328 0.5700184 0.7926701 0.6246528 0.8908227 0.6217662 0.8908227 0.6254636 0.8354826 0.9956099 0.7947493 0.999074 0.8029241 0.9934245 0.8029241 0.9934245 0.8908225 0.9963403 0.8354826 0.9956099 0.7711914 0.6250045 0.7677119 0.7427006 0.7597002 0.7466769 0.1258051 0.7544077 0.230131 0.7544077 0.230131 0.7544077 0.6710099 0.6194026 0.7711914 0.6250045 0.6710099 0.6307296 0.4575195 0.7075427 0.5582606 0.7075427 0.5582606 0.8082839 0.4575195 0.7075427 0.5582606 0.7075427 0.5582606 0.8082839 0.4873047 0.9969598 0.4532221 0.8932111 0.5590236 0.9969598 0.4532221 0.8932111 0.5079469 0.8290181 0.5590236 0.9969598 0.1258051 0.8368087 0.230131 0.7544077 0.1258051 0.7544077 0.3514217 0.8109775 0.3815961 0.6118246 0.4474043 0.8109775 0.3501847 0.8123734 0.4533467 0.6118215 0.4505387 0.8123734 0.01143968 0.873994 0.1552275 0.9925566 0.01143968 0.9925566 0.7677119 0.7427006 0.7795469 0.8680018 0.7695593 0.8645079 0.8029241 0.9934245 0.7957756 0.8711888 0.8908225 0.8642099 0.7905302 0.8083465 0.7988395 0.8105499 0.7957756 0.8711888 0.6710096 0.9968666 0.6710096 0.9851766 0.7283887 0.9976538 0.2521045 0.8803139 0.3104783 0.8803306 0.3121612 0.9966847 0.4575195 0.7075427 0.5582606 0.7075427 0.5582606 0.8082839 0.7695593 0.8645079 0.7621471 0.9823389 0.6814535 0.9020158 0.7926701 0.6246528 0.8908227 0.6254636 0.8908225 0.8642099 0.2495827 0.7474675 0.1260365 0.7469452 0.1235758 0.615293 0.7926701 0.6246528 0.7965117 0.6186292 0.8908227 0.6217662 0.7283887 0.9976538 0.7621471 0.9823389 0.7706235 0.993303 0.7711914 0.6250045 0.7672704 0.6133146 0.7677119 0.7427006 0.1258051 0.7544077 0.1258051 0.7544077 0.230131 0.7544077 0.6710099 0.6194026 0.7672704 0.6133146 0.7711914 0.6250045 0.4873047 0.9969598 0.4155858 0.9969598 0.4532221 0.8932111 0.1258051 0.8368087 0.2300671 0.8368087 0.230131 0.7544077 0.3514217 0.8109775 0.3514217 0.6118246 0.3815961 0.6118246 0.3501847 0.8123734 0.3501836 0.6118215 0.4533467 0.6118215 0.01143968 0.873994 0.1552275 0.873994 0.1552275 0.9925566 0.243978 0.2479677 0.243978 0.2479677 0.1279906 0.2479677 0.1279906 0.006992399 0.243978 0.009740054 0.1279906 0.00900191 0.1279906 0.006992399 0.1279906 0.09294658 0.243978 0.07825708 0.243978 0.009740054 0.243978 0.2479677 0.1279906 0.2479677 0.243978 0.07825708 0.243978 0.2479677 0.243978 0.2479677 0.1279906 0.2402153 0.1279906 0.2479677 0.243978 0.2479677 0.01038944 0.2436287 0.1235132 0.009304285 0.1235129 0.2436287 0.2435816 0.2208241 0.1257842 0.2270451 0.2172158 0.211211 0.2172158 0.211211 0.1257842 0.2270451 0.03435218 0.211211 0.007986426 0.2208241 0.1257841 0.2476987 0.06261056 0.230437 0.06261056 0.230437 0.1257841 0.2476987 0.1889575 0.230437 0.0345751 0.2478013 0.2169405 0.2365754 0.2169405 0.2478013 0.06275641 0.2365754 0.008281171 0.0513485 0.008281171 0.2365754 0.06261056 0.230437 0.1712383 0.00551176 0.08032977 0.00551176 0.04102683 0.00551176 0.06261056 0.230437 0.08032977 0.00551176 0.2172158 0.211211 0.05999737 0.00551176 0.1915706 0.00551176 0.2435816 0.2208241 0.1915706 0.00551176 0.2105413 0.00551176 0.2169405 0.2478013 0.2432345 0.2365754 0.2432345 0.2478013 0.188759 0.2478013 0.06275641 0.2365754 0.06275641 0.2478013 0.06275641 0.2478013 0.008281171 0.2365754 0.008281171 0.2478013 0.2169405 0.0513485 0.03304213 0.00293684 0.2184734 0.00293684 0.188759 0.2365754 0.06275641 0.0513485 0.06275641 0.2365754 0.0345751 0.2365754 0.2169405 0.0513485 0.2169405 0.2365754 0.2432345 0.2365754 0.2169405 0.0513485 0.2432345 0.0513485 0.006306231 0.00293684 0.1898182 0.00293684 0.2452093 0.00293684 0.2432345 0.0513485 0.2184734 0.00293684 0.2452093 0.00293684 0.06275641 0.0513485 0.006306231 0.00293684 0.008281171 0.0513485 0.188759 0.0513485 0.06169742 0.00293684 0.06275641 0.0513485 0.008281171 0.0513485 0.03304213 0.00293684 0.0345751 0.0513485 0.188759 0.0513485 0.2452093 0.00293684 0.1898182 0.00293684 0.03304213 0.00293684 0.2452093 0.00293684 0.2184734 0.00293684 0.188759 0.2365754 0.2432345 0.0513485 0.188759 0.0513485 0.0345751 0.2478013 0.008281171 0.2365754 0.0345751 0.2365754 0.188759 0.2478013 0.2432345 0.2365754 0.188759 0.2365754 0.1889575 0.230437 0.2105413 0.00551176 0.1712383 0.00551176 0.05999737 0.00551176 0.007986426 0.2208241 0.04102683 0.00551176 0.008281171 0.2365754 0.0345751 0.0513485 0.0345751 0.2365754 0.1257842 0.2270451 0.007986426 0.2208241 0.03435218 0.211211 0.1889575 0.230437 0.1257841 0.2476987 0.2435816 0.2208241 0.01038944 0.2436287 0.00884515 0.007912099 0.1235132 0.009304285 0.2435816 0.2208241 0.1257841 0.2476987 0.1257842 0.2270451 0.0345751 0.2478013 0.0345751 0.2365754 0.2169405 0.2365754 0.06275641 0.2365754 0.06275641 0.0513485 0.008281171 0.0513485 0.06261056 0.230437 0.1889575 0.230437 0.1712383 0.00551176 0.04102683 0.00551176 0.007986426 0.2208241 0.06261056 0.230437 0.2172158 0.211211 0.03435218 0.211211 0.05999737 0.00551176 0.2435816 0.2208241 0.2172158 0.211211 0.1915706 0.00551176 0.2169405 0.2478013 0.2169405 0.2365754 0.2432345 0.2365754 0.188759 0.2478013 0.188759 0.2365754 0.06275641 0.2365754 0.06275641 0.2478013 0.06275641 0.2365754 0.008281171 0.2365754 0.2169405 0.0513485 0.0345751 0.0513485 0.03304213 0.00293684 0.188759 0.2365754 0.188759 0.0513485 0.06275641 0.0513485 0.0345751 0.2365754 0.0345751 0.0513485 0.2169405 0.0513485 0.2432345 0.2365754 0.2169405 0.2365754 0.2169405 0.0513485 0.006306231 0.00293684 0.06169742 0.00293684 0.1898182 0.00293684 0.2432345 0.0513485 0.2169405 0.0513485 0.2184734 0.00293684 0.06275641 0.0513485 0.06169742 0.00293684 0.006306231 0.00293684 0.188759 0.0513485 0.1898182 0.00293684 0.06169742 0.00293684 0.008281171 0.0513485 0.006306231 0.00293684 0.03304213 0.00293684 0.188759 0.0513485 0.2432345 0.0513485 0.2452093 0.00293684 0.03304213 0.00293684 0.006306231 0.00293684 0.2452093 0.00293684 0.188759 0.2365754 0.2432345 0.2365754 0.2432345 0.0513485 0.0345751 0.2478013 0.008281171 0.2478013 0.008281171 0.2365754 0.188759 0.2478013 0.2432345 0.2478013 0.2432345 0.2365754 0.1889575 0.230437 0.2435816 0.2208241 0.2105413 0.00551176 0.05999737 0.00551176 0.03435218 0.211211 0.007986426 0.2208241 0.008281171 0.2365754 0.008281171 0.0513485 0.0345751 0.0513485 0.1257842 0.2270451 0.1257841 0.2476987 0.007986426 0.2208241 0.04320973 0.2253152 0.2066301 0.005684912 0.04444926 0.005684912 0.2429373 0.005684912 0.2067553 0.2253152 0.2066301 0.005684912 0.2067553 0.2253152 0.04444926 0.005684912 0.2066301 0.005684912 0.008141636 0.005684912 0.04320973 0.2253152 0.04444926 0.005684912 0.7469383 0.2403207 0.6291658 0.2435511 0.6291658 0.1255179 0.2067553 0.2253152 0.006596744 0.2475355 0.2433682 0.2475355 0.2433682 0.2475355 0.04320973 0.2253152 0.2067553 0.2253152 0.5113934 0.007126092 0.6291658 0.004926025 0.6291658 0.1255179 0.04320973 0.2253152 0.008141636 0.005684912 0.04444926 0.005684912 0.2067553 0.2253152 0.2429373 0.005684912 0.2066301 0.005684912 0.04320973 0.2253152 0.2067553 0.2253152 0.2066301 0.005684912 0.6291658 0.1255179 0.6291658 0.2435511 0.5113934 0.2403207 0.5113934 0.2403207 0.5113934 0.007126092 0.6291658 0.1255179 0.2429373 0.005684912 0.2433682 0.2475355 0.2067553 0.2253152 0.2067553 0.2253152 0.04320973 0.2253152 0.04444926 0.005684912 0.008141636 0.005684912 0.006596744 0.2475355 0.04320973 0.2253152 0.6291658 0.1255179 0.6291658 0.004926025 0.7469383 0.007126092 0.7469383 0.007126092 0.7469383 0.2403207 0.6291658 0.1255179 0.2067553 0.2253152 0.04320973 0.2253152 0.006596744 0.2475355 0.2433682 0.2475355 0.006596744 0.2475355 0.04320973 0.2253152 0.04320973 0.2253152 0.006596744 0.2475355 0.008141636 0.005684912 0.2067553 0.2253152 0.2433682 0.2475355 0.2429373 0.005684912 0.535673 0.9223086 0.514461 0.9814101 0.5256134 0.908711 0.4356295 0.9814101 0.4584843 0.9733042 0.4813392 0.9919371 0.41294 0.9648513 0.4193435 0.9318197 0.4356295 0.9546713 0.5256134 0.8773132 0.5034763 0.862457 0.5256134 0.8642193 0.5034763 0.8755509 0.4813392 0.8459825 0.5034763 0.8492915 0.4814907 0.9970614 0.4486603 0.9772261 0.4356295 0.9814101 0.514461 0.9814101 0.4995945 0.991798 0.4990811 0.9866735 0.4356295 0.8773132 0.4248172 0.8678814 0.4356295 0.85 0.4990811 0.9866735 0.4814907 0.9970614 0.4813392 0.9919371 0.535673 0.9223086 0.5256134 0.9679518 0.5153827 0.9865345 0.4813392 0.913092 0.4584843 0.9733042 0.4584843 0.9109015 0.4356295 0.9814101 0.4813392 0.9919371 0.4814907 0.9970614 0.4486603 0.9772261 0.4813392 0.9298806 0.4301832 0.9463937 0.4356295 0.908711 0.4248172 0.8898691 0.4356295 0.8773132 0.5256134 0.9679518 0.4995945 0.991798 0.5153827 0.9865345 0.4584843 0.8755509 0.4356295 0.908711 0.4356295 0.8773132 0.4534545 0.9260945 0.4813392 0.8903425 0.4530782 0.8901058 0.5088825 0.8901058 0.535673 0.9223086 0.5364259 0.8929799 0.5364259 0.8929799 0.5256134 0.908711 0.5256134 0.8773132 0.5085061 0.9260945 0.5256134 0.9679518 0.535673 0.9223086 0.5034763 0.9109015 0.4813392 0.8737887 0.5034763 0.8755509 0.4584843 0.9109015 0.4356295 0.9546713 0.4356295 0.908711 0.5256134 0.908711 0.5034763 0.8755509 0.5256134 0.8773132 0.4813392 0.8903425 0.5085061 0.9260945 0.5088825 0.8901058 0.4995945 0.991798 0.4924078 0.9810039 0.4814907 0.9970614 0.4205721 0.8914951 0.3932864 0.9084734 0.4041609 0.9011324 0.4356295 0.9546713 0.4255699 0.9223086 0.4356295 0.908711 0.4144121 0.922702 0.4104846 0.8973285 0.4205721 0.8914951 0.4205721 0.8914951 0.4130965 0.9422382 0.4272317 0.9575375 0.4486603 0.9772261 0.41294 0.9648513 0.4356295 0.9814101 0.4301832 0.9463937 0.4272317 0.9575375 0.4486603 0.9772261 0.4024199 0.9489522 0.4272317 0.9575375 0.4130965 0.9422382 0.535673 0.9223086 0.5153827 0.9865345 0.514461 0.9814101 0.4193435 0.9318197 0.3932864 0.9084734 0.4104846 0.8973285 0.3932864 0.9084734 0.4130965 0.9422382 0.4041609 0.9011324 0.514461 0.9814101 0.5034763 0.9109015 0.5256134 0.908711 0.4813392 0.9298806 0.4924078 0.9810039 0.5085061 0.9260945 0.4534545 0.9260945 0.4301832 0.9463937 0.4813392 0.9298806 0.4356295 0.9546713 0.4301832 0.9463937 0.4255699 0.9223086 0.4486603 0.9772261 0.4272317 0.9575375 0.41294 0.9648513 0.4144121 0.922702 0.4272317 0.9575375 0.4301832 0.9463937 0.4356295 0.9546713 0.4356295 0.9814101 0.41294 0.9648513 0.4301832 0.9463937 0.4193435 0.9318197 0.4144121 0.922702 0.4813392 0.9919371 0.5034763 0.9109015 0.4990811 0.9866735 0.2360156 0.3857843 0.1831802 0.4868138 0.18177 0.3801162 0.1831802 0.4868138 0.07667934 0.3665379 0.18177 0.3801162 0.008930981 0.3405586 0.07075321 0.4642724 0.07667934 0.3642292 0.07075321 0.4642724 0.18177 0.3775148 0.07667934 0.3642292 0.203611 0.2694078 0.1118013 0.2574186 0.1572299 0.2681599 0.01272118 0.4654814 0.1304785 0.4920582 0.07075321 0.4642724 0.1831802 0.4868138 0.2412124 0.4654814 0.1304785 0.4920582 0.1572299 0.2706556 0.1118013 0.2574186 0.203611 0.2694078 0.07075321 0.4864712 0.008930981 0.3405586 0.07667934 0.3665379 0.1831802 0.4642724 0.2360156 0.3857843 0.18177 0.3775148 0.1572299 0.2681599 0.2408981 0.2947243 0.203611 0.2694078 0.06737565 0.2706556 0.008930981 0.3405586 0.0209946 0.2694078 0.06516891 0.2931147 0.1572299 0.2681599 0.06737565 0.2681599 0.008930981 0.3405586 0.06737565 0.2681599 0.0209946 0.2694078 0.1810715 0.2966871 0.06737565 0.2706556 0.1572299 0.2706556 0.2408981 0.2947243 0.1572299 0.2706556 0.203611 0.2694078 0.18177 0.3775148 0.2408981 0.2947243 0.1810715 0.2931147 0.07667934 0.3665379 0.008930981 0.3405586 0.06516891 0.2963339 0.07667934 0.3642292 0.1810715 0.2931147 0.06516891 0.2931147 0.008930981 0.3405586 0.07667934 0.3642292 0.06516891 0.2931147 0.1810715 0.2966871 0.07667934 0.3665379 0.06516891 0.2963339 0.2408981 0.2947243 0.18177 0.3801162 0.1810715 0.2966871 0.2360156 0.3857843 0.2412124 0.4654814 0.1831802 0.4868138 0.07075321 0.4642724 0.1304785 0.4920582 0.1831802 0.4642724 0.1831802 0.4642724 0.1304785 0.4920582 0.2412124 0.4654814 0.1118013 0.2574186 0.06737565 0.2706556 0.0209946 0.2694078 0.1118013 0.2574186 0.06737565 0.2681599 0.1572299 0.2681599 0.1831802 0.4868138 0.07075321 0.4864712 0.07667934 0.3665379 0.008930981 0.3405586 0.01272118 0.4654814 0.07075321 0.4642724 0.07075321 0.4642724 0.1831802 0.4642724 0.18177 0.3775148 0.01272118 0.4654814 0.07075321 0.4864712 0.1304785 0.4920582 0.07075321 0.4864712 0.1831802 0.4868138 0.1304785 0.4920582 0.1572299 0.2706556 0.06737565 0.2706556 0.1118013 0.2574186 0.07075321 0.4864712 0.01272118 0.4654814 0.008930981 0.3405586 0.1831802 0.4642724 0.2412124 0.4654814 0.2360156 0.3857843 0.1572299 0.2681599 0.1810715 0.2931147 0.2408981 0.2947243 0.06737565 0.2706556 0.06516891 0.2963339 0.008930981 0.3405586 0.06516891 0.2931147 0.1810715 0.2931147 0.1572299 0.2681599 0.008930981 0.3405586 0.06516891 0.2931147 0.06737565 0.2681599 0.1810715 0.2966871 0.06516891 0.2963339 0.06737565 0.2706556 0.2408981 0.2947243 0.1810715 0.2966871 0.1572299 0.2706556 0.18177 0.3775148 0.2360156 0.3857843 0.2408981 0.2947243 0.07667934 0.3642292 0.18177 0.3775148 0.1810715 0.2931147 0.1810715 0.2966871 0.18177 0.3801162 0.07667934 0.3665379 0.2408981 0.2947243 0.2360156 0.3857843 0.18177 0.3801162 0.1118013 0.2574186 0.0209946 0.2694078 0.06737565 0.2681599 0.2383668 0.4926576 0.1965287 0.4163707 0.2444258 0.4163707 0.1950187 0.4926576 0.06870967 0.4163707 0.1965287 0.4163707 0.01025903 0.4926576 0.06870967 0.4163707 0.01210987 0.4162073 0.07933855 0.4926576 0.1965287 0.4163707 0.06870967 0.4163707 0.2383668 0.4926576 0.07933855 0.4926576 0.01025903 0.4926576 0.1950187 0.4926576 0.01025903 0.4926576 0.07933855 0.4926576 0.07933855 0.4926576 0.01210987 0.4162073 0.06870967 0.4163707 0.1950187 0.4926576 0.2444258 0.4163707 0.1965287 0.4163707 0.01210987 0.4162073 0.07045078 0.3486415 0.06870967 0.4163707 0.1965287 0.4163707 0.2413799 0.3757749 0.2444258 0.4163707 0.07045078 0.3486415 0.1795432 0.2589947 0.06195724 0.2582265 0.01392936 0.3410524 0.06195724 0.2582265 0.01594156 0.2579386 0.1965287 0.4163707 0.2413799 0.3757749 0.1947876 0.3683788 0.01210987 0.4162073 0.07045078 0.3486415 0.01392936 0.3410524 0.06870967 0.4163707 0.1947876 0.3683788 0.07045078 0.3486415 0.06870967 0.4163707 0.1947876 0.3683788 0.1965287 0.4163707 0.2533424 0.1232028 0.3738429 0.1232041 0.2544885 0.245936 0.2544885 0.005122125 0.3738429 0.1232041 0.2533424 0.1232028 0.07045078 0.3486415 0.1795432 0.2589947 0.1947876 0.3683788 0.1947876 0.3683788 0.2392308 0.2592826 0.2413799 0.3757749 0.01392936 0.3410524 0.06195724 0.2582265 0.07045078 0.3486415 0.1947876 0.3683788 0.2392308 0.2592826 0.1795432 0.2589947 0.2383668 0.4926576 0.1950187 0.4926576 0.1965287 0.4163707 0.3738429 0.1232041 0.4945903 0.245936 0.2544885 0.245936 0.3738429 0.1232041 0.4945903 0.005122125 0.4957363 0.1232028 0.1950187 0.4926576 0.07933855 0.4926576 0.06870967 0.4163707 0.01025903 0.4926576 0.07933855 0.4926576 0.06870967 0.4163707 0.07933855 0.4926576 0.1950187 0.4926576 0.1965287 0.4163707 0.2383668 0.4926576 0.1950187 0.4926576 0.07933855 0.4926576 0.1950187 0.4926576 0.2383668 0.4926576 0.01025903 0.4926576 0.07933855 0.4926576 0.01025903 0.4926576 0.01210987 0.4162073 0.1950187 0.4926576 0.2383668 0.4926576 0.2444258 0.4163707 0.01210987 0.4162073 0.01392936 0.3410524 0.07045078 0.3486415 0.1965287 0.4163707 0.1947876 0.3683788 0.2413799 0.3757749 0.07045078 0.3486415 0.1947876 0.3683788 0.1795432 0.2589947 0.01392936 0.3410524 0.07045078 0.3486415 0.06195724 0.2582265 0.1965287 0.4163707 0.2444258 0.4163707 0.2413799 0.3757749 0.01210987 0.4162073 0.06870967 0.4163707 0.07045078 0.3486415 0.06870967 0.4163707 0.1965287 0.4163707 0.1947876 0.3683788 0.06870967 0.4163707 0.07045078 0.3486415 0.1947876 0.3683788 0.2544885 0.005122125 0.4945903 0.005122125 0.3738429 0.1232041 0.07045078 0.3486415 0.06195724 0.2582265 0.1795432 0.2589947 0.1947876 0.3683788 0.1795432 0.2589947 0.2392308 0.2592826 0.01392936 0.3410524 0.01594156 0.2579386 0.06195724 0.2582265 0.1947876 0.3683788 0.2413799 0.3757749 0.2392308 0.2592826 0.3738429 0.1232041 0.4957363 0.1232028 0.4945903 0.245936 0.2700697 0.6686885 0.2622096 0.761162 0.2622096 0.6553577 0.3186174 0.8014961 0.352936 0.7638835 0.3750251 0.7826246 0.352936 0.7638835 0.3750251 0.6338964 0.3750251 0.7826246 0.3186174 0.6150236 0.2700697 0.6686885 0.2622096 0.6553577 0.1251684 0.2567695 0.06841278 0.4873285 0.06841278 0.2567399 0.2700697 0.6686885 0.3186174 0.62673 0.2899032 0.7058006 0.352936 0.7638835 0.2899032 0.7058006 0.352936 0.6526361 0.06841278 0.2567399 0.003844559 0.4831541 0.003844559 0.2574468 0.352936 0.6526361 0.3186174 0.6150236 0.3750251 0.6338964 0.2700697 0.7478312 0.3186174 0.8014961 0.2622096 0.761162 0.5561159 0.5661135 0.5156237 0.5922484 0.5156237 0.5661135 0.478232 0.5661135 0.5156237 0.5922484 0.5156237 0.5661135 0.5156237 0.5922484 0.5561159 0.5661135 0.5156237 0.5661135 0.478232 0.5661135 0.4740323 0.5922484 0.478232 0.5661135 0.5156237 0.5922484 0.478232 0.5661135 0.5156237 0.5661135 0.5561159 0.5661135 0.5572153 0.5922484 0.5561159 0.5661135 0.2700697 0.6686885 0.2700697 0.7478312 0.2622096 0.761162 0.352936 0.6526361 0.2899032 0.7058006 0.3186174 0.62673 0.2899032 0.7058006 0.352936 0.7638835 0.3186174 0.7897897 0.3186174 0.8014961 0.3186174 0.7897897 0.352936 0.7638835 0.352936 0.7638835 0.352936 0.6526361 0.3750251 0.6338964 0.3186174 0.6150236 0.3186174 0.62673 0.2700697 0.6686885 0.1251684 0.2567695 0.1251684 0.4857466 0.06841278 0.4873285 0.2899032 0.7058006 0.3186174 0.7897897 0.2700697 0.7478312 0.2700697 0.7478312 0.2700697 0.6686885 0.2899032 0.7058006 0.06841278 0.2567399 0.06841278 0.4873285 0.003844559 0.4831541 0.352936 0.6526361 0.3186174 0.62673 0.3186174 0.6150236 0.2700697 0.7478312 0.3186174 0.7897897 0.3186174 0.8014961 0.5561159 0.5661135 0.5572153 0.5922484 0.5156237 0.5922484 0.478232 0.5661135 0.4740323 0.5922484 0.5156237 0.5922484 0.5156237 0.5922484 0.5572153 0.5922484 0.5561159 0.5661135 0.478232 0.5661135 0.4740323 0.5922484 0.4740323 0.5922484 0.5156237 0.5922484 0.4740323 0.5922484 0.478232 0.5661135 0.5561159 0.5661135 0.5572153 0.5922484 0.5572153 0.5922484 0.3419492 0.5644533 0.2807046 0.6024432 0.2807046 0.5644533 0.4873392 0.6018155 0.3785293 0.5639795 0.4873392 0.565043 0.2558256 0.5930175 0.3785293 0.5639795 0.2534912 0.565043 0.3785293 0.5924649 0.4873392 0.565043 0.3785293 0.5639795 0.08862 0.3692139 0.2385066 0.4812766 0.1113448 0.4828174 0.4474583 0.7110522 0.4115153 0.7116993 0.4128823 0.6188521 0.4128823 0.8035708 0.4115153 0.7116993 0.4474583 0.7110522 0.2385066 0.2576865 0.08862 0.3692139 0.1113448 0.2539265 0.3785293 0.5924649 0.2534912 0.565043 0.3785293 0.5639795 0.4035547 0.6024432 0.3419492 0.5644533 0.4035547 0.5644533 0.4115153 0.7116993 0.3569778 0.7909687 0.3583149 0.7109973 0.4115153 0.7116993 0.3569778 0.6305548 0.4128823 0.6188521 0.3419492 0.5644533 0.3419492 0.6505872 0.2807046 0.6024432 0.4873392 0.6018155 0.3785293 0.5924649 0.3785293 0.5639795 0.2558256 0.5930175 0.3785293 0.5924649 0.3785293 0.5639795 0.3785293 0.5924649 0.4873392 0.6018155 0.4873392 0.565043 0.08862 0.3692139 0.2469674 0.3691523 0.2385066 0.4812766 0.2385066 0.2576865 0.2469674 0.3691523 0.08862 0.3692139 0.3785293 0.5924649 0.2558256 0.5930175 0.2534912 0.565043 0.4035547 0.6024432 0.3419492 0.6505872 0.3419492 0.5644533 0.4115153 0.7116993 0.4128823 0.8035708 0.3569778 0.7909687 0.4115153 0.7116993 0.3583149 0.7109973 0.3569778 0.6305548 0.127808 0.4909185 0.1951881 0.3013945 0.1278079 0.2641839 0.2410527 0.4857198 0.2023938 0.361908 0.2469775 0.2626358 0.2023938 0.361908 0.127808 0.4909185 0.1278079 0.3110988 0.2023938 0.361908 0.1278079 0.2641839 0.2469775 0.2626358 0.1882737 0.4857198 0.127808 0.4909185 0.2410527 0.4857198 0.1882737 0.4857198 0.127808 0.4909185 0.127808 0.4909185 0.1951881 0.3013945 0.1278079 0.2641839 0.1278079 0.2641839 0.1882737 0.4857198 0.2469775 0.2626358 0.1951881 0.3013945 0.127808 0.4909185 0.1882737 0.4857198 0.1951881 0.3013945 0.2410527 0.4857198 0.1882737 0.4857198 0.2023938 0.361908 0.2023938 0.361908 0.1882737 0.4857198 0.127808 0.4909185 0.2023938 0.361908 0.1278079 0.3110988 0.1278079 0.2641839 0.1882737 0.4857198 0.127808 0.4909185 0.127808 0.4909185 0.1882737 0.4857198 0.2410527 0.4857198 0.127808 0.4909185 0.1951881 0.3013945 0.2469775 0.2626358 0.1278079 0.2641839 0.1882737 0.4857198 0.2410527 0.4857198 0.2469775 0.2626358 0.4255699 0.9223086 0.4530782 0.8901058 0.4248172 0.8898691 0.4813392 0.8737887 0.4584843 0.9109015 0.4584843 0.8755509 0.4584843 0.8755509 0.4813392 0.8420876 0.4813392 0.8737887 0.4530782 0.8683915 0.4248172 0.8579702 0.4248172 0.8678814 0.4356295 0.8773132 0.4584843 0.8469569 0.4584843 0.8755509 0.4530782 0.8901058 0.4248172 0.8678814 0.4248172 0.8898691 0.4530782 0.8901058 0.4584843 0.8469569 0.4530782 0.8683915 0.4530782 0.858856 0.4356295 0.8342936 0.4248172 0.8579702 0.4356295 0.85 0.4584843 0.8296154 0.4584843 0.8469569 0.4530782 0.8683915 0.4584843 0.8296154 0.4530782 0.858856 0.4248172 0.8678814 0.4356295 0.8342936 0.4356295 0.85 0.4530782 0.8584046 0.4584843 0.8185339 0.4584843 0.8438498 0.4813392 0.8903425 0.4530782 0.8584046 0.4530782 0.8901058 0.4813392 0.8903425 0.4813392 0.8420876 0.4813392 0.8586414 0.4530782 0.8901058 0.4584843 0.8438498 0.4584843 0.8755509 0.4813392 0.8455477 0.4584843 0.8185339 0.4530782 0.844821 0.4813392 0.8586414 0.4530782 0.844821 0.4530782 0.8584046 0.4584843 0.8438498 0.4813392 0.8145211 0.4813392 0.8420876 0.4813392 0.8586414 0.4813392 0.8145211 0.4813392 0.8455477 0.5034763 0.8492915 0.4813392 0.8313598 0.5034763 0.8362706 0.4813392 0.8903425 0.5088825 0.8720961 0.4813392 0.8726645 0.4813392 0.8903425 0.4813392 0.8459825 0.4813392 0.8737887 0.5088825 0.8901058 0.5034763 0.8492915 0.5088825 0.8720961 0.4813392 0.8673015 0.5034763 0.8362706 0.4813392 0.8313598 0.4813392 0.8726645 0.4813392 0.8313598 0.4813392 0.8459825 0.5088825 0.8720961 0.5034763 0.8362706 0.5088825 0.866355 0.4813392 0.8726645 0.5088825 0.866355 0.4813392 0.8673015 0.5364259 0.8799739 0.5256134 0.8525322 0.5364259 0.8724215 0.5364259 0.8929799 0.5256134 0.8642193 0.5364259 0.8799739 0.5088825 0.8901058 0.5034763 0.862457 0.5034763 0.8755509 0.5088825 0.8901058 0.5364259 0.8799739 0.5088825 0.8802106 0.5088825 0.8732696 0.5256134 0.8525322 0.5034763 0.8482813 0.5088825 0.8802106 0.5034763 0.8482813 0.5034763 0.862457 0.5088825 0.8802106 0.5364259 0.8724215 0.5088825 0.8732696 0.5256134 0.8642193 0.5034763 0.8482813 0.5256134 0.8525322 0.4356295 0.9814101 0.4356295 0.9546713 0.4584843 0.9733042 0.41294 0.9648513 0.4024199 0.9489522 0.4193435 0.9318197 0.5256134 0.8773132 0.5034763 0.8755509 0.5034763 0.862457 0.5034763 0.8755509 0.4813392 0.8737887 0.4813392 0.8459825 0.4814907 0.9970614 0.4924078 0.9810039 0.4486603 0.9772261 0.514461 0.9814101 0.5153827 0.9865345 0.4995945 0.991798 0.4356295 0.8773132 0.4248172 0.8898691 0.4248172 0.8678814 0.4990811 0.9866735 0.4995945 0.991798 0.4814907 0.9970614 0.4813392 0.913092 0.4813392 0.9919371 0.4584843 0.9733042 0.4486603 0.9772261 0.4924078 0.9810039 0.4813392 0.9298806 0.4356295 0.908711 0.4255699 0.9223086 0.4248172 0.8898691 0.5256134 0.9679518 0.4924078 0.9810039 0.4995945 0.991798 0.4584843 0.8755509 0.4584843 0.9109015 0.4356295 0.908711 0.4534545 0.9260945 0.4813392 0.9298806 0.4813392 0.8903425 0.5088825 0.8901058 0.5085061 0.9260945 0.535673 0.9223086 0.5364259 0.8929799 0.535673 0.9223086 0.5256134 0.908711 0.5085061 0.9260945 0.4924078 0.9810039 0.5256134 0.9679518 0.5034763 0.9109015 0.4813392 0.913092 0.4813392 0.8737887 0.4584843 0.9109015 0.4584843 0.9733042 0.4356295 0.9546713 0.5256134 0.908711 0.5034763 0.9109015 0.5034763 0.8755509 0.4813392 0.8903425 0.4813392 0.9298806 0.5085061 0.9260945 0.4205721 0.8914951 0.4104846 0.8973285 0.3932864 0.9084734 0.4144121 0.922702 0.4193435 0.9318197 0.4104846 0.8973285 0.4205721 0.8914951 0.4041609 0.9011324 0.4130965 0.9422382 0.4024199 0.9489522 0.41294 0.9648513 0.4272317 0.9575375 0.4193435 0.9318197 0.4024199 0.9489522 0.3932864 0.9084734 0.3932864 0.9084734 0.4024199 0.9489522 0.4130965 0.9422382 0.514461 0.9814101 0.4990811 0.9866735 0.5034763 0.9109015 0.4534545 0.9260945 0.4255699 0.9223086 0.4301832 0.9463937 0.4144121 0.922702 0.4205721 0.8914951 0.4272317 0.9575375 0.4301832 0.9463937 0.4356295 0.9546713 0.4193435 0.9318197 0.4813392 0.9919371 0.4813392 0.913092 0.5034763 0.9109015 0.4255699 0.9223086 0.4534545 0.9260945 0.4530782 0.8901058 0.4813392 0.8737887 0.4813392 0.913092 0.4584843 0.9109015 0.4584843 0.8755509 0.4584843 0.8438498 0.4813392 0.8420876 0.4530782 0.8683915 0.4530782 0.858856 0.4248172 0.8579702 0.4356295 0.8773132 0.4356295 0.85 0.4584843 0.8469569 0.4530782 0.8901058 0.4530782 0.8683915 0.4248172 0.8678814 0.4530782 0.8901058 0.4584843 0.8755509 0.4584843 0.8469569 0.4530782 0.858856 0.4584843 0.8296154 0.4356295 0.8342936 0.4356295 0.85 0.4356295 0.8342936 0.4584843 0.8296154 0.4530782 0.8683915 0.4584843 0.8469569 0.4584843 0.8296154 0.4248172 0.8678814 0.4248172 0.8579702 0.4356295 0.8342936 0.4530782 0.8584046 0.4530782 0.844821 0.4584843 0.8185339 0.4813392 0.8903425 0.4813392 0.8586414 0.4530782 0.8584046 0.4813392 0.8903425 0.4813392 0.8737887 0.4813392 0.8420876 0.4530782 0.8901058 0.4530782 0.8584046 0.4584843 0.8438498 0.4813392 0.8455477 0.4813392 0.8145211 0.4584843 0.8185339 0.4813392 0.8586414 0.4813392 0.8455477 0.4530782 0.844821 0.4584843 0.8438498 0.4584843 0.8185339 0.4813392 0.8145211 0.4813392 0.8586414 0.4813392 0.8420876 0.4813392 0.8145211 0.5034763 0.8492915 0.4813392 0.8459825 0.4813392 0.8313598 0.4813392 0.8903425 0.5088825 0.8901058 0.5088825 0.8720961 0.4813392 0.8903425 0.4813392 0.8726645 0.4813392 0.8459825 0.5088825 0.8901058 0.5034763 0.8755509 0.5034763 0.8492915 0.4813392 0.8673015 0.5088825 0.866355 0.5034763 0.8362706 0.4813392 0.8726645 0.4813392 0.8673015 0.4813392 0.8313598 0.5088825 0.8720961 0.5034763 0.8492915 0.5034763 0.8362706 0.4813392 0.8726645 0.5088825 0.8720961 0.5088825 0.866355 0.5364259 0.8799739 0.5256134 0.8642193 0.5256134 0.8525322 0.5364259 0.8929799 0.5256134 0.8773132 0.5256134 0.8642193 0.5088825 0.8901058 0.5088825 0.8802106 0.5034763 0.862457 0.5088825 0.8901058 0.5364259 0.8929799 0.5364259 0.8799739 0.5088825 0.8732696 0.5364259 0.8724215 0.5256134 0.8525322 0.5088825 0.8802106 0.5088825 0.8732696 0.5034763 0.8482813 0.5088825 0.8802106 0.5364259 0.8799739 0.5364259 0.8724215 0.5256134 0.8642193 0.5034763 0.862457 0.5034763 0.8482813 0.008833885 0.8692908 0.03935468 0.8024058 0.01469367 0.7552261 0.2165494 0.8024058 0.127952 0.8692908 0.127952 0.7793648 0.03935468 0.8024058 0.008833885 0.8692908 0.01469367 0.7552261 0.2165494 0.9361758 0.2470701 0.8692908 0.2165494 0.8692908 0.127952 0.9885482 0.2165494 0.9361758 0.127952 0.9592162 0.03935468 0.9361758 0.127952 0.9885482 0.127952 0.9592162 0.03935468 0.8024058 0.127952 0.7500334 0.127952 0.7793648 0.127952 0.7500334 0.2165494 0.8024058 0.127952 0.7793648 0.2165494 0.8024058 0.2470701 0.8692908 0.2425537 0.7552261 0.03935468 0.9361758 0.008833885 0.8692908 0.03935468 0.8692908 0.2165494 0.9361758 0.127952 0.9592162 0.127952 0.8692908 0.008833885 0.8692908 0.01469367 0.9833556 0.03935468 0.9361758 0.127952 0.8692908 0.127952 0.9592162 0.03935468 0.9361758 0.03935468 0.9361758 0.127952 0.9592162 0.127952 0.8692908 0.03935468 0.8024058 0.03935468 0.8692908 0.127952 0.8692908 0.127952 0.8692908 0.03935468 0.8692908 0.03935468 0.8024058 0.2470701 0.8692908 0.2165494 0.8692908 0.2165494 0.8024058 0.127952 0.8692908 0.2165494 0.8692908 0.2165494 0.8024058 0.127952 0.7500334 0.127952 0.7793648 0.2165494 0.8024058 0.03935468 0.8024058 0.127952 0.7793648 0.127952 0.7500334 0.03935468 0.9361758 0.127952 0.9592162 0.127952 0.9885482 0.127952 0.9885482 0.127952 0.9592162 0.2165494 0.9361758 0.127952 0.8692908 0.127952 0.9592162 0.2165494 0.9361758 0.2470701 0.8692908 0.2425537 0.9833556 0.2165494 0.9361758 0.008833885 0.8692908 0.03935468 0.8692908 0.03935468 0.8024058 0.2165494 0.8024058 0.2165494 0.8692908 0.127952 0.8692908 0.03935468 0.8024058 0.03935468 0.8692908 0.008833885 0.8692908 0.2165494 0.9361758 0.2425537 0.9833556 0.2470701 0.8692908 0.127952 0.9885482 0.2425537 0.9833556 0.2165494 0.9361758 0.03935468 0.9361758 0.01469367 0.9833556 0.127952 0.9885482 0.03935468 0.8024058 0.01469367 0.7552261 0.127952 0.7500334 0.127952 0.7500334 0.2425537 0.7552261 0.2165494 0.8024058 0.2165494 0.8024058 0.2165494 0.8692908 0.2470701 0.8692908 0.03935468 0.9361758 0.01469367 0.9833556 0.008833885 0.8692908 0.9955016 0.8729891 0.9868953 0.999074 0.9787206 0.9934245 0.02088779 0.9954177 0.1258052 0.996347 0.1258051 0.8368087 0.2536039 0.8180301 0.3727084 0.8445494 0.2536039 0.8369455 0.2513338 0.88326 0.3717911 0.88326 0.3718354 0.914068 0.01200419 0.2479677 0.1279906 0.2479677 0.1279906 0.2479677 0.2536039 0.8369455 0.3727084 0.8445494 0.2536039 0.8722271 0.9858694 0.8711888 0.8908225 0.8642099 0.9828054 0.8105499 0.5823187 0.7466769 0.5708277 0.6250045 0.6710096 0.7508752 0.3718354 0.9937523 0.2514523 0.9937523 0.2514523 0.914068 0.9889746 0.6246528 0.9851329 0.6186292 0.9911144 0.8083465 0.2118514 0.9361758 0.2118514 0.8692908 0.1232541 0.8692908 0.004135906 0.8692908 0.0346567 0.8692908 0.0346567 0.9361758 0.01200419 0.07825708 0.1279906 0.006992399 0.01200419 0.009740054 0.1232541 0.8692908 0.0346567 0.8692908 0.0346567 0.9361758 0.0346567 0.9361758 0.0346567 0.8692908 0.1232541 0.8692908 0.0346567 0.8024058 0.1232541 0.7793648 0.1232541 0.8692908 0.002928555 0.5036444 0.1235758 0.5719655 0.1103038 0.5870873 0.1232541 0.8692908 0.1232541 0.7793648 0.0346567 0.8024058 0.01200419 0.009740054 0.1279906 0.00900191 0.1279906 0.2479677 0.3104783 0.8794131 0.3121612 0.9957671 0.3734838 0.9945715 0.002928555 0.5036444 0.1103038 0.5870873 0.003709912 0.5700184 0.2423722 0.8692908 0.2365124 0.7552261 0.2118514 0.8024058 0.2513338 0.88326 0.3718354 0.914068 0.2514523 0.914068 0.5823187 0.7466769 0.6710096 0.7508752 0.6646249 0.812322 0.1103038 0.5870873 0.1235758 0.615293 0.003709912 0.5700184 0.1232541 0.8692908 0.1232541 0.7793648 0.2118514 0.8024058 0.1248062 0.5036444 0.1235758 0.5719655 0.002928555 0.5036444 0.5624722 0.8680018 0.5724596 0.8645079 0.5798718 0.9823389 0.1232541 0.7500334 0.2365124 0.7552261 0.2118514 0.8024058 0.5624722 0.8680018 0.5798718 0.9823389 0.5713954 0.993303 0.0346567 0.8024058 0.008652389 0.7552261 0.1232541 0.7500334 0.0346567 0.9361758 0.008652389 0.9833556 0.1232541 0.9885482 0.1232541 0.9885482 0.2365124 0.9833556 0.2118514 0.9361758 0.02088779 0.9954177 0.1258051 0.8368087 0.0215435 0.8368087 0.01200419 0.07825708 0.01200419 0.009740054 0.01200419 0.2479677 0.5743069 0.7427006 0.5823187 0.7466769 0.5724596 0.8645079 0.9787206 0.9934245 0.8908225 0.9963403 0.8908225 0.8642099 0.9955016 0.8729891 0.9787206 0.9934245 0.9858694 0.8711888 0.9911144 0.8083465 0.9955016 0.8729891 0.9858694 0.8711888 0.1279906 0.2402153 0.01200419 0.2255257 0.01200419 0.2479677 0.9889746 0.6246528 0.9911144 0.8083465 0.9828054 0.8105499 0.1232541 0.8692908 0.2118514 0.8692908 0.2118514 0.9361758 0.5823187 0.7466769 0.6646249 0.812322 0.6605653 0.9020158 0.2423722 0.8692908 0.2118514 0.8692908 0.2118514 0.9361758 0.8908225 0.9819709 0.8908225 0.9963403 0.9461621 0.9956099 0.5708277 0.6250045 0.6710099 0.6307296 0.6710096 0.7508752 0.3104783 0.8794131 0.3734838 0.9945715 0.371853 0.8808917 0.4575195 0.7075427 0.5582606 0.7075427 0.5582606 0.8082839 0.5079469 0.8290181 0.5590236 0.9969598 0.5590236 0.8163459 0.3718354 0.9937523 0.2514523 0.914068 0.3718354 0.914068 0.4575195 0.7075427 0.5582606 0.7075427 0.5582606 0.8082839 0.2521045 0.8793966 0.2514098 0.9969516 0.3121612 0.9957671 0.4575195 0.7075427 0.5582606 0.7075427 0.5582606 0.8082839 0.5724596 0.8645079 0.5823187 0.7466769 0.6605653 0.9020158 0.5798718 0.9823389 0.6605653 0.9020158 0.6136301 0.9976538 0.9889746 0.6246528 0.9828054 0.8105499 0.8908225 0.8642099 0.00249052 0.7464229 0.003709912 0.5700184 0.1235758 0.615293 0.9889746 0.6246528 0.8908227 0.6254636 0.8908227 0.6217662 0.9461621 0.9956099 0.9787206 0.9934245 0.9868953 0.999074 0.9787206 0.9934245 0.9461621 0.9956099 0.8908225 0.9963403 0.5708277 0.6250045 0.5823187 0.7466769 0.5743069 0.7427006 0.1258051 0.7544077 0.0214796 0.7544077 0.0214796 0.7544077 0.6710099 0.6194026 0.6710099 0.6307296 0.5708277 0.6250045 0.4575195 0.7075427 0.5582606 0.7075427 0.5582606 0.8082839 0.4575195 0.7075427 0.5582606 0.7075427 0.5582606 0.8082839 0.4873047 0.9969598 0.5590236 0.9969598 0.4532221 0.8932111 0.4532221 0.8932111 0.5590236 0.9969598 0.5079469 0.8290181 0.1258051 0.8368087 0.1258051 0.7544077 0.0214796 0.7544077 0.3514217 0.8109775 0.2554391 0.8109775 0.3212462 0.6118246 0.3501847 0.8123734 0.2547109 0.8123734 0.2528794 0.6118215 0.01143968 0.873994 0.01143968 0.7554315 0.1552275 0.7554315 0.5743069 0.7427006 0.5724596 0.8645079 0.5624722 0.8680018 0.9787206 0.9934245 0.8908225 0.8642099 0.9858694 0.8711888 0.9911144 0.8083465 0.9858694 0.8711888 0.9828054 0.8105499 0.6710096 0.9968666 0.6136301 0.9976538 0.6710096 0.9851766 0.2521045 0.8793966 0.3121612 0.9957671 0.3104783 0.8794131 0.4575195 0.7075427 0.5582606 0.7075427 0.5582606 0.8082839 0.5724596 0.8645079 0.6605653 0.9020158 0.5798718 0.9823389 0.9889746 0.6246528 0.8908225 0.8642099 0.8908227 0.6254636 0.00249052 0.7464229 0.1235758 0.615293 0.1260365 0.7469452 0.9889746 0.6246528 0.8908227 0.6217662 0.9851329 0.6186292 0.6136301 0.9976538 0.5713954 0.993303 0.5798718 0.9823389 0.5708277 0.6250045 0.5743069 0.7427006 0.5747492 0.6133146 0.1258051 0.7544077 0.0214796 0.7544077 0.1258051 0.7544077 0.6710099 0.6194026 0.5708277 0.6250045 0.5747492 0.6133146 0.4873047 0.9969598 0.4532221 0.8932111 0.4155858 0.9969598 0.1258051 0.8368087 0.0214796 0.7544077 0.0215435 0.8368087 0.3514217 0.8109775 0.3212462 0.6118246 0.3514217 0.6118246 0.3501847 0.8123734 0.2528794 0.6118215 0.3501836 0.6118215 0.01143968 0.873994 0.1552275 0.7554315 0.1552275 0.873994 0.01200419 0.2479677 0.1279906 0.2479677 0.01200419 0.2479677 0.1279906 0.006992399 0.1279906 0.00900191 0.01200419 0.009740054 0.1279906 0.006992399 0.01200419 0.07825708 0.1279906 0.09294658 0.01200419 0.009740054 0.1279906 0.2479677 0.01200419 0.2479677 0.01200419 0.07825708 0.01200419 0.2479677 0.01200419 0.2479677 0.1279906 0.2402153 0.01200419 0.2479677 0.1279906 0.2479677 0.2366377 0.2436287 0.1235129 0.2436287 0.1235132 0.009304285 0.2435816 0.2208243 0.2172158 0.2112112 0.1257842 0.2270452 0.2172158 0.2112112 0.03435218 0.2112112 0.1257842 0.2270452 0.007986426 0.2208243 0.06261056 0.2304374 0.1257841 0.2476989 0.06261056 0.2304374 0.1889575 0.2304374 0.1257841 0.2476989 0.0345751 0.2478015 0.2169405 0.2478015 0.2169405 0.2365754 0.06275641 0.2365754 0.008281171 0.2365754 0.008281171 0.05134862 0.06261056 0.2304374 0.08032977 0.005511999 0.1712383 0.005511999 0.04102683 0.005511999 0.08032977 0.005511999 0.06261056 0.2304374 0.2172158 0.2112112 0.1915706 0.005511999 0.05999737 0.005511999 0.2435816 0.2208243 0.2105413 0.005511999 0.1915706 0.005511999 0.2169405 0.2478015 0.2432345 0.2478015 0.2432345 0.2365754 0.188759 0.2478015 0.06275641 0.2478015 0.06275641 0.2365754 0.06275641 0.2478015 0.008281171 0.2478015 0.008281171 0.2365754 0.2169405 0.05134862 0.2184734 0.002936899 0.03304213 0.002936899 0.188759 0.2365754 0.06275641 0.2365754 0.06275641 0.05134862 0.0345751 0.2365754 0.2169405 0.2365754 0.2169405 0.05134862 0.2432345 0.2365754 0.2432345 0.05134862 0.2169405 0.05134862 0.006306231 0.002936899 0.2452093 0.002936899 0.1898182 0.002936899 0.2432345 0.05134862 0.2452093 0.002936899 0.2184734 0.002936899 0.06275641 0.05134862 0.008281171 0.05134862 0.006306231 0.002936899 0.188759 0.05134862 0.06275641 0.05134862 0.06169742 0.002936899 0.008281171 0.05134862 0.0345751 0.05134862 0.03304213 0.002936899 0.188759 0.05134862 0.1898182 0.002936899 0.2452093 0.002936899 0.03304213 0.002936899 0.2184734 0.002936899 0.2452093 0.002936899 0.188759 0.2365754 0.188759 0.05134862 0.2432345 0.05134862 0.0345751 0.2478015 0.0345751 0.2365754 0.008281171 0.2365754 0.188759 0.2478015 0.188759 0.2365754 0.2432345 0.2365754 0.1889575 0.2304374 0.1712383 0.005511999 0.2105413 0.005511999 0.05999737 0.005511999 0.04102683 0.005511999 0.007986426 0.2208243 0.008281171 0.2365754 0.0345751 0.2365754 0.0345751 0.05134862 0.1257842 0.2270452 0.03435218 0.2112112 0.007986426 0.2208243 0.1889575 0.2304374 0.2435816 0.2208243 0.1257841 0.2476989 0.2366377 0.2436287 0.1235132 0.009304285 0.2381819 0.007912099 0.2435816 0.2208243 0.1257842 0.2270452 0.1257841 0.2476989 0.0345751 0.2478015 0.2169405 0.2365754 0.0345751 0.2365754 0.06275641 0.2365754 0.008281171 0.05134862 0.06275641 0.05134862 0.06261056 0.2304374 0.1712383 0.005511999 0.1889575 0.2304374 0.04102683 0.005511999 0.06261056 0.2304374 0.007986426 0.2208243 0.2172158 0.2112112 0.05999737 0.005511999 0.03435218 0.2112112 0.2435816 0.2208243 0.1915706 0.005511999 0.2172158 0.2112112 0.2169405 0.2478015 0.2432345 0.2365754 0.2169405 0.2365754 0.188759 0.2478015 0.06275641 0.2365754 0.188759 0.2365754 0.06275641 0.2478015 0.008281171 0.2365754 0.06275641 0.2365754 0.2169405 0.05134862 0.03304213 0.002936899 0.0345751 0.05134862 0.188759 0.2365754 0.06275641 0.05134862 0.188759 0.05134862 0.0345751 0.2365754 0.2169405 0.05134862 0.0345751 0.05134862 0.2432345 0.2365754 0.2169405 0.05134862 0.2169405 0.2365754 0.006306231 0.002936899 0.1898182 0.002936899 0.06169742 0.002936899 0.2432345 0.05134862 0.2184734 0.002936899 0.2169405 0.05134862 0.06275641 0.05134862 0.006306231 0.002936899 0.06169742 0.002936899 0.188759 0.05134862 0.06169742 0.002936899 0.1898182 0.002936899 0.008281171 0.05134862 0.03304213 0.002936899 0.006306231 0.002936899 0.188759 0.05134862 0.2452093 0.002936899 0.2432345 0.05134862 0.03304213 0.002936899 0.2452093 0.002936899 0.006306231 0.002936899 0.188759 0.2365754 0.2432345 0.05134862 0.2432345 0.2365754 0.0345751 0.2478015 0.008281171 0.2365754 0.008281171 0.2478015 0.188759 0.2478015 0.2432345 0.2365754 0.2432345 0.2478015 0.1889575 0.2304374 0.2105413 0.005511999 0.2435816 0.2208243 0.05999737 0.005511999 0.007986426 0.2208243 0.03435218 0.2112112 0.008281171 0.2365754 0.0345751 0.05134862 0.008281171 0.05134862 0.1257842 0.2270452 0.007986426 0.2208243 0.1257841 0.2476989 0.2092198 0.2268654 0.2079803 0.007235109 0.04579937 0.007235109 0.009492218 0.007235109 0.04579937 0.007235109 0.04567426 0.2268654 0.04567426 0.2268654 0.04579937 0.007235109 0.2079803 0.007235109 0.2442879 0.007235109 0.2079803 0.007235109 0.2092198 0.2268654 0.7469383 0.01064044 0.6291658 0.1254431 0.6291658 0.007409989 0.04567426 0.2268654 0.009061276 0.2490857 0.2458328 0.2490857 0.009061276 0.2490857 0.04567426 0.2268654 0.2092198 0.2268654 0.5113934 0.243835 0.6291658 0.1254431 0.6291658 0.2460351 0.2092198 0.2268654 0.2079803 0.007235109 0.2442879 0.007235109 0.04567426 0.2268654 0.04579937 0.007235109 0.009492218 0.007235109 0.2092198 0.2268654 0.04579937 0.007235109 0.04567426 0.2268654 0.6291658 0.1254431 0.5113934 0.01064044 0.6291658 0.007409989 0.5113934 0.01064044 0.6291658 0.1254431 0.5113934 0.243835 0.009492218 0.007235109 0.04567426 0.2268654 0.009061276 0.2490857 0.04567426 0.2268654 0.2079803 0.007235109 0.2092198 0.2268654 0.2442879 0.007235109 0.2092198 0.2268654 0.2458328 0.2490857 0.6291658 0.1254431 0.7469383 0.243835 0.6291658 0.2460351 0.7469383 0.243835 0.6291658 0.1254431 0.7469383 0.01064044 0.04567426 0.2268654 0.2458328 0.2490857 0.2092198 0.2268654 0.009061276 0.2490857 0.2092198 0.2268654 0.2458328 0.2490857 0.2092198 0.2268654 0.2442879 0.007235109 0.2458328 0.2490857 0.04567426 0.2268654 0.009492218 0.007235109 0.009061276 0.2490857 0.535673 0.9223086 0.5256134 0.9087111 0.514461 0.9814101 0.4356295 0.9814101 0.4813392 0.9919371 0.4584843 0.9733043 0.41294 0.9648513 0.4356295 0.9546714 0.4193435 0.9318197 0.5256134 0.8773132 0.5256134 0.8642193 0.5034763 0.862457 0.5034763 0.8755511 0.5034763 0.8492915 0.4813392 0.8459826 0.4814907 0.9970616 0.4356295 0.9814101 0.4486603 0.9772262 0.514461 0.9814101 0.4990811 0.9866735 0.4995945 0.9917981 0.4356295 0.8773132 0.4356295 0.8500001 0.4248172 0.8678814 0.4990811 0.9866735 0.4813392 0.9919371 0.4814907 0.9970616 0.535673 0.9223086 0.5153827 0.9865345 0.5256134 0.9679519 0.4813392 0.913092 0.4584843 0.9109016 0.4584843 0.9733043 0.4356295 0.9814101 0.4814907 0.9970616 0.4813392 0.9919371 0.4486603 0.9772262 0.4301832 0.9463938 0.4813392 0.9298806 0.4356295 0.9087111 0.4356295 0.8773132 0.4248172 0.8898691 0.5256134 0.9679519 0.5153827 0.9865345 0.4995945 0.9917981 0.4584843 0.8755511 0.4356295 0.8773132 0.4356295 0.9087111 0.4534545 0.9260945 0.4530782 0.8901058 0.4813392 0.8903425 0.5088825 0.8901058 0.5364259 0.8929799 0.535673 0.9223086 0.5364259 0.8929799 0.5256134 0.8773132 0.5256134 0.9087111 0.5085061 0.9260945 0.535673 0.9223086 0.5256134 0.9679519 0.5034763 0.9109016 0.5034763 0.8755511 0.4813392 0.8737888 0.4584843 0.9109016 0.4356295 0.9087111 0.4356295 0.9546714 0.5256134 0.9087111 0.5256134 0.8773132 0.5034763 0.8755511 0.4813392 0.8903425 0.5088825 0.8901058 0.5085061 0.9260945 0.4995945 0.9917981 0.4814907 0.9970616 0.4924078 0.9810039 0.4205721 0.8914951 0.4041609 0.9011324 0.3932864 0.9084734 0.4356295 0.9546714 0.4356295 0.9087111 0.4255699 0.9223086 0.4144121 0.9227021 0.4205721 0.8914951 0.4104846 0.8973285 0.4205721 0.8914951 0.4272317 0.9575376 0.4130965 0.9422382 0.4486603 0.9772262 0.4356295 0.9814101 0.41294 0.9648513 0.4301832 0.9463938 0.4486603 0.9772262 0.4272317 0.9575376 0.4024199 0.9489523 0.4130965 0.9422382 0.4272317 0.9575376 0.535673 0.9223086 0.514461 0.9814101 0.5153827 0.9865345 0.4193435 0.9318197 0.4104846 0.8973285 0.3932864 0.9084734 0.3932864 0.9084734 0.4041609 0.9011324 0.4130965 0.9422382 0.514461 0.9814101 0.5256134 0.9087111 0.5034763 0.9109016 0.4813392 0.9298806 0.5085061 0.9260945 0.4924078 0.9810039 0.4534545 0.9260945 0.4813392 0.9298806 0.4301832 0.9463938 0.4356295 0.9546714 0.4255699 0.9223086 0.4301832 0.9463938 0.4486603 0.9772262 0.41294 0.9648513 0.4272317 0.9575376 0.4144121 0.9227021 0.4301832 0.9463938 0.4272317 0.9575376 0.4356295 0.9546714 0.41294 0.9648513 0.4356295 0.9814101 0.4301832 0.9463938 0.4144121 0.9227021 0.4193435 0.9318197 0.4813392 0.9919371 0.4990811 0.9866735 0.5034763 0.9109016 0.2360156 0.3857843 0.18177 0.3801162 0.1831802 0.4868138 0.1831802 0.4868138 0.18177 0.3801162 0.07667934 0.3665379 0.008930981 0.3405586 0.07667934 0.3642292 0.07075321 0.4642724 0.07075321 0.4642724 0.07667934 0.3642292 0.18177 0.3775148 0.203611 0.2694078 0.1572299 0.2681599 0.1118013 0.2574186 0.01272118 0.4654814 0.07075321 0.4642724 0.1304785 0.4920582 0.1831802 0.4868138 0.1304785 0.4920582 0.2412124 0.4654814 0.1572299 0.2706556 0.203611 0.2694078 0.1118013 0.2574186 0.07075321 0.4864712 0.07667934 0.3665379 0.008930981 0.3405586 0.1831802 0.4642724 0.18177 0.3775148 0.2360156 0.3857843 0.1572299 0.2681599 0.203611 0.2694078 0.2408981 0.2947243 0.06737565 0.2706556 0.0209946 0.2694078 0.008930981 0.3405586 0.06516891 0.2931147 0.06737565 0.2681599 0.1572299 0.2681599 0.008930981 0.3405586 0.0209946 0.2694078 0.06737565 0.2681599 0.1810715 0.2966871 0.1572299 0.2706556 0.06737565 0.2706556 0.2408981 0.2947243 0.203611 0.2694078 0.1572299 0.2706556 0.18177 0.3775148 0.1810715 0.2931147 0.2408981 0.2947243 0.07667934 0.3665379 0.06516891 0.2963339 0.008930981 0.3405586 0.07667934 0.3642292 0.06516891 0.2931147 0.1810715 0.2931147 0.008930981 0.3405586 0.06516891 0.2931147 0.07667934 0.3642292 0.1810715 0.2966871 0.06516891 0.2963339 0.07667934 0.3665379 0.2408981 0.2947243 0.1810715 0.2966871 0.18177 0.3801162 0.2360156 0.3857843 0.1831802 0.4868138 0.2412124 0.4654814 0.07075321 0.4642724 0.1831802 0.4642724 0.1304785 0.4920582 0.1831802 0.4642724 0.2412124 0.4654814 0.1304785 0.4920582 0.1118013 0.2574186 0.0209946 0.2694078 0.06737565 0.2706556 0.1118013 0.2574186 0.1572299 0.2681599 0.06737565 0.2681599 0.1831802 0.4868138 0.07667934 0.3665379 0.07075321 0.4864712 0.008930981 0.3405586 0.07075321 0.4642724 0.01272118 0.4654814 0.07075321 0.4642724 0.18177 0.3775148 0.1831802 0.4642724 0.01272118 0.4654814 0.1304785 0.4920582 0.07075321 0.4864712 0.07075321 0.4864712 0.1304785 0.4920582 0.1831802 0.4868138 0.1572299 0.2706556 0.1118013 0.2574186 0.06737565 0.2706556 0.07075321 0.4864712 0.008930981 0.3405586 0.01272118 0.4654814 0.1831802 0.4642724 0.2360156 0.3857843 0.2412124 0.4654814 0.1572299 0.2681599 0.2408981 0.2947243 0.1810715 0.2931147 0.06737565 0.2706556 0.008930981 0.3405586 0.06516891 0.2963339 0.06516891 0.2931147 0.1572299 0.2681599 0.1810715 0.2931147 0.008930981 0.3405586 0.06737565 0.2681599 0.06516891 0.2931147 0.1810715 0.2966871 0.06737565 0.2706556 0.06516891 0.2963339 0.2408981 0.2947243 0.1572299 0.2706556 0.1810715 0.2966871 0.18177 0.3775148 0.2408981 0.2947243 0.2360156 0.3857843 0.07667934 0.3642292 0.1810715 0.2931147 0.18177 0.3775148 0.1810715 0.2966871 0.07667934 0.3665379 0.18177 0.3801162 0.2408981 0.2947243 0.18177 0.3801162 0.2360156 0.3857843 0.1118013 0.2574186 0.06737565 0.2681599 0.0209946 0.2694078 0.2383668 0.4926576 0.2444258 0.4163707 0.1965287 0.4163708 0.1950187 0.4926576 0.1965287 0.4163708 0.06870967 0.4163708 0.01025903 0.4926576 0.01210987 0.4162073 0.06870967 0.4163707 0.07933855 0.4926576 0.06870967 0.4163707 0.1965287 0.4163707 0.2383668 0.4926576 0.01025903 0.4926576 0.07933855 0.4926576 0.1950187 0.4926576 0.07933855 0.4926576 0.01025903 0.4926576 0.07933855 0.4926576 0.06870967 0.4163708 0.01210987 0.4162073 0.1950187 0.4926576 0.1965287 0.4163707 0.2444258 0.4163707 0.01210987 0.4162073 0.06870967 0.4163708 0.07045078 0.3486415 0.1965287 0.4163708 0.2444258 0.4163707 0.2413799 0.3757749 0.07045078 0.3486415 0.06195724 0.2582265 0.1795432 0.2589948 0.01392936 0.3410524 0.01594156 0.2579386 0.06195724 0.2582265 0.1965287 0.4163707 0.1947876 0.3683788 0.2413799 0.3757749 0.01210987 0.4162073 0.01392936 0.3410524 0.07045078 0.3486415 0.06870967 0.4163707 0.07045078 0.3486415 0.1947876 0.3683788 0.06870967 0.4163708 0.1965287 0.4163708 0.1947876 0.3683788 0.2533424 0.1245166 0.2544885 0.006433844 0.3738429 0.1245158 0.2544885 0.2472484 0.2533424 0.1245166 0.3738429 0.1245158 0.07045078 0.3486415 0.1947876 0.3683788 0.1795432 0.2589948 0.1947876 0.3683788 0.2413799 0.3757749 0.2392308 0.2592826 0.01392936 0.3410524 0.07045078 0.3486415 0.06195724 0.2582265 0.1947876 0.3683788 0.1795432 0.2589948 0.2392308 0.2592826 0.2383668 0.4926576 0.1965287 0.4163708 0.1950187 0.4926576 0.3738429 0.1245158 0.2544885 0.006433844 0.4945903 0.006433844 0.3738429 0.1245158 0.4957363 0.1245166 0.4945903 0.2472484 0.1950187 0.4926576 0.06870967 0.4163708 0.07933855 0.4926576 0.01025903 0.4926576 0.06870967 0.4163707 0.07933855 0.4926576 0.07933855 0.4926576 0.1965287 0.4163707 0.1950187 0.4926576 0.2383668 0.4926576 0.07933855 0.4926576 0.1950187 0.4926576 0.1950187 0.4926576 0.01025903 0.4926576 0.2383668 0.4926576 0.07933855 0.4926576 0.01210987 0.4162073 0.01025903 0.4926576 0.1950187 0.4926576 0.2444258 0.4163707 0.2383668 0.4926576 0.01210987 0.4162073 0.07045078 0.3486415 0.01392936 0.3410524 0.1965287 0.4163708 0.2413799 0.3757749 0.1947876 0.3683788 0.07045078 0.3486415 0.1795432 0.2589948 0.1947876 0.3683788 0.01392936 0.3410524 0.06195724 0.2582265 0.07045078 0.3486415 0.1965287 0.4163707 0.2413799 0.3757749 0.2444258 0.4163707 0.01210987 0.4162073 0.07045078 0.3486415 0.06870967 0.4163707 0.06870967 0.4163707 0.1947876 0.3683788 0.1965287 0.4163707 0.06870967 0.4163708 0.1947876 0.3683788 0.07045078 0.3486415 0.2544885 0.2472484 0.3738429 0.1245158 0.4945903 0.2472484 0.07045078 0.3486415 0.1795432 0.2589948 0.06195724 0.2582265 0.1947876 0.3683788 0.2392308 0.2592826 0.1795432 0.2589948 0.01392936 0.3410524 0.06195724 0.2582265 0.01594156 0.2579386 0.1947876 0.3683788 0.2392308 0.2592826 0.2413799 0.3757749 0.3738429 0.1245158 0.4945903 0.006433844 0.4957363 0.1245166 0.2700697 0.7515114 0.2622096 0.7648434 0.2622096 0.6590379 0.3186174 0.6187049 0.3750251 0.637576 0.352936 0.656317 0.352936 0.656317 0.3750251 0.637576 0.3750251 0.7863041 0.3186174 0.8051763 0.2622096 0.7648434 0.2700697 0.7515114 0.1251684 0.4907072 0.06841278 0.4907367 0.06841278 0.2601481 0.2700697 0.7515114 0.2899032 0.7143999 0.3186174 0.7934699 0.352936 0.656317 0.352936 0.767565 0.2899032 0.7143999 0.06841278 0.4907367 0.003844559 0.4900299 0.003844559 0.2643226 0.352936 0.767565 0.3750251 0.7863041 0.3186174 0.8051763 0.2700697 0.6723699 0.2622096 0.6590379 0.3186174 0.6187049 0.5561159 0.5661135 0.5156237 0.5661135 0.5156237 0.5922484 0.478232 0.5661135 0.5156237 0.5661135 0.5156237 0.5922484 0.5156237 0.5922484 0.5156237 0.5661135 0.5561159 0.5661135 0.478232 0.5661135 0.478232 0.5661135 0.4740323 0.5922484 0.5156237 0.5922484 0.5156237 0.5661135 0.478232 0.5661135 0.5561159 0.5661135 0.5561159 0.5661135 0.5572153 0.5922484 0.2700697 0.7515114 0.2622096 0.6590379 0.2700697 0.6723699 0.352936 0.767565 0.3186174 0.7934699 0.2899032 0.7143999 0.2899032 0.7143999 0.3186174 0.6304102 0.352936 0.656317 0.3186174 0.6187049 0.352936 0.656317 0.3186174 0.6304102 0.352936 0.656317 0.3750251 0.7863041 0.352936 0.767565 0.3186174 0.8051763 0.2700697 0.7515114 0.3186174 0.7934699 0.1251684 0.4907072 0.06841278 0.2601481 0.1251684 0.2617301 0.2899032 0.7143999 0.2700697 0.6723699 0.3186174 0.6304102 0.2700697 0.6723699 0.2899032 0.7143999 0.2700697 0.7515114 0.06841278 0.4907367 0.003844559 0.2643226 0.06841278 0.2601481 0.352936 0.767565 0.3186174 0.8051763 0.3186174 0.7934699 0.2700697 0.6723699 0.3186174 0.6187049 0.3186174 0.6304102 0.5561159 0.5661135 0.5156237 0.5922484 0.5572153 0.5922484 0.478232 0.5661135 0.5156237 0.5922484 0.4740323 0.5922484 0.5156237 0.5922484 0.5561159 0.5661135 0.5572153 0.5922484 0.478232 0.5661135 0.4740323 0.5922484 0.4740323 0.5922484 0.5156237 0.5922484 0.478232 0.5661135 0.4740323 0.5922484 0.5561159 0.5661135 0.5572153 0.5922484 0.5572153 0.5922484 0.3419969 0.5643532 0.4033895 0.5643532 0.4033895 0.6021548 0.4873392 0.6018155 0.4873392 0.565043 0.3785293 0.5639795 0.2558256 0.5930175 0.2534912 0.565043 0.3785293 0.5639795 0.3785293 0.5924649 0.3785293 0.5639795 0.4873392 0.565043 0.08862 0.3782628 0.1113448 0.2646592 0.2385066 0.2662001 0.4474583 0.7091483 0.4128823 0.8013483 0.4115153 0.7085012 0.4128823 0.6166298 0.4474583 0.7091483 0.4115153 0.7085012 0.2385066 0.4897892 0.1113448 0.4935501 0.08862 0.3782628 0.3785293 0.5924649 0.3785293 0.5639795 0.2534912 0.565043 0.281758 0.6021548 0.281758 0.5643532 0.3419969 0.5643532 0.4115153 0.7085012 0.3583149 0.7092026 0.3569778 0.6292325 0.4115153 0.7085012 0.4128823 0.8013483 0.3569778 0.7896451 0.3419969 0.5643532 0.4033895 0.6021548 0.3419969 0.6495105 0.4873392 0.6018155 0.3785293 0.5639795 0.3785293 0.5924649 0.2558256 0.5930175 0.3785293 0.5639795 0.3785293 0.5924649 0.3785293 0.5924649 0.4873392 0.565043 0.4873392 0.6018155 0.08862 0.3782628 0.2385066 0.2662001 0.2469674 0.3783244 0.2385066 0.4897892 0.08862 0.3782628 0.2469674 0.3783244 0.3785293 0.5924649 0.2534912 0.565043 0.2558256 0.5930175 0.281758 0.6021548 0.3419969 0.5643532 0.3419969 0.6495105 0.4115153 0.7085012 0.3569778 0.6292325 0.4128823 0.6166298 0.4115153 0.7085012 0.3569778 0.7896451 0.3583149 0.7092026 0.127808 0.4909185 0.1278079 0.2641839 0.06042772 0.3013945 0.01456248 0.4857198 0.008638381 0.2626358 0.053222 0.361908 0.053222 0.361908 0.1278079 0.3110988 0.127808 0.4909185 0.053222 0.361908 0.008638381 0.2626358 0.1278079 0.2641839 0.06734234 0.4857198 0.01456248 0.4857198 0.127808 0.4909185 0.06734234 0.4857198 0.127808 0.4909185 0.127808 0.4909185 0.06042772 0.3013945 0.1278079 0.2641839 0.1278079 0.2641839 0.06734234 0.4857198 0.06042772 0.3013945 0.008638381 0.2626358 0.127808 0.4909185 0.06042772 0.3013945 0.06734234 0.4857198 0.01456248 0.4857198 0.053222 0.361908 0.06734234 0.4857198 0.053222 0.361908 0.127808 0.4909185 0.06734234 0.4857198 0.053222 0.361908 0.1278079 0.2641839 0.1278079 0.3110988 0.06734234 0.4857198 0.127808 0.4909185 0.127808 0.4909185 0.06734234 0.4857198 0.127808 0.4909185 0.01456248 0.4857198 0.06042772 0.3013945 0.1278079 0.2641839 0.008638381 0.2626358 0.06734234 0.4857198 0.008638381 0.2626358 0.01456248 0.4857198 0.4255699 0.9223086 0.4248172 0.8898691 0.4530782 0.8901058 0.4813392 0.8737888 0.4584843 0.8755511 0.4584843 0.9109016 0.4584843 0.8755511 0.4813392 0.8737888 0.4813392 0.8420876 0.4530782 0.8683915 0.4248172 0.8678814 0.4248172 0.8579703 0.4356295 0.8773132 0.4584843 0.8755511 0.4584843 0.8469569 0.4530782 0.8901058 0.4248172 0.8898691 0.4248172 0.8678814 0.4530782 0.8901058 0.4530782 0.8683915 0.4584843 0.8469569 0.4530782 0.858856 0.4248172 0.8579703 0.4356295 0.8342936 0.4356295 0.8500001 0.4584843 0.8469569 0.4584843 0.8296154 0.4530782 0.8683915 0.4530782 0.858856 0.4584843 0.8296154 0.4248172 0.8678814 0.4356295 0.8500001 0.4356295 0.8342936 0.4530782 0.8584047 0.4584843 0.8438499 0.4584843 0.8185339 0.4813392 0.8903425 0.4530782 0.8901058 0.4530782 0.8584047 0.4813392 0.8903425 0.4813392 0.8586414 0.4813392 0.8420876 0.4530782 0.8901058 0.4584843 0.8755511 0.4584843 0.8438499 0.4813392 0.8455477 0.4530782 0.844821 0.4584843 0.8185339 0.4813392 0.8586414 0.4530782 0.8584047 0.4530782 0.844821 0.4584843 0.8438499 0.4813392 0.8420876 0.4813392 0.8145211 0.4813392 0.8586414 0.4813392 0.8455477 0.4813392 0.8145211 0.5034763 0.8492915 0.5034763 0.8362706 0.4813392 0.8313598 0.4813392 0.8903425 0.4813392 0.8726645 0.5088825 0.8720961 0.4813392 0.8903425 0.4813392 0.8737888 0.4813392 0.8459826 0.5088825 0.8901058 0.5088825 0.8720961 0.5034763 0.8492915 0.4813392 0.8673015 0.4813392 0.8313598 0.5034763 0.8362706 0.4813392 0.8726645 0.4813392 0.8459826 0.4813392 0.8313598 0.5088825 0.8720961 0.5088825 0.866355 0.5034763 0.8362706 0.4813392 0.8726645 0.4813392 0.8673015 0.5088825 0.866355 0.5364259 0.879974 0.5364259 0.8724215 0.5256134 0.8525322 0.5364259 0.8929799 0.5364259 0.879974 0.5256134 0.8642193 0.5088825 0.8901058 0.5034763 0.8755511 0.5034763 0.862457 0.5088825 0.8901058 0.5088825 0.8802107 0.5364259 0.879974 0.5088825 0.8732696 0.5034763 0.8482813 0.5256134 0.8525322 0.5088825 0.8802107 0.5034763 0.862457 0.5034763 0.8482813 0.5088825 0.8802107 0.5088825 0.8732696 0.5364259 0.8724215 0.5256134 0.8642193 0.5256134 0.8525322 0.5034763 0.8482813 0.4356295 0.9814101 0.4584843 0.9733043 0.4356295 0.9546714 0.41294 0.9648513 0.4193435 0.9318197 0.4024199 0.9489523 0.5256134 0.8773132 0.5034763 0.862457 0.5034763 0.8755511 0.5034763 0.8755511 0.4813392 0.8459826 0.4813392 0.8737888 0.4814907 0.9970616 0.4486603 0.9772262 0.4924078 0.9810039 0.514461 0.9814101 0.4995945 0.9917981 0.5153827 0.9865345 0.4356295 0.8773132 0.4248172 0.8678814 0.4248172 0.8898691 0.4990811 0.9866735 0.4814907 0.9970616 0.4995945 0.9917981 0.4813392 0.913092 0.4584843 0.9733043 0.4813392 0.9919371 0.4486603 0.9772262 0.4813392 0.9298806 0.4924078 0.9810039 0.4356295 0.9087111 0.4248172 0.8898691 0.4255699 0.9223086 0.5256134 0.9679519 0.4995945 0.9917981 0.4924078 0.9810039 0.4584843 0.8755511 0.4356295 0.9087111 0.4584843 0.9109016 0.4534545 0.9260945 0.4813392 0.8903425 0.4813392 0.9298806 0.5088825 0.8901058 0.535673 0.9223086 0.5085061 0.9260945 0.5364259 0.8929799 0.5256134 0.9087111 0.535673 0.9223086 0.5085061 0.9260945 0.5256134 0.9679519 0.4924078 0.9810039 0.5034763 0.9109016 0.4813392 0.8737888 0.4813392 0.913092 0.4584843 0.9109016 0.4356295 0.9546714 0.4584843 0.9733043 0.5256134 0.9087111 0.5034763 0.8755511 0.5034763 0.9109016 0.4813392 0.8903425 0.5085061 0.9260945 0.4813392 0.9298806 0.4205721 0.8914951 0.3932864 0.9084734 0.4104846 0.8973285 0.4144121 0.9227021 0.4104846 0.8973285 0.4193435 0.9318197 0.4205721 0.8914951 0.4130965 0.9422382 0.4041609 0.9011324 0.4024199 0.9489523 0.4272317 0.9575376 0.41294 0.9648513 0.4193435 0.9318197 0.3932864 0.9084734 0.4024199 0.9489523 0.3932864 0.9084734 0.4130965 0.9422382 0.4024199 0.9489523 0.514461 0.9814101 0.5034763 0.9109016 0.4990811 0.9866735 0.4534545 0.9260945 0.4301832 0.9463938 0.4255699 0.9223086 0.4144121 0.9227021 0.4272317 0.9575376 0.4205721 0.8914951 0.4301832 0.9463938 0.4193435 0.9318197 0.4356295 0.9546714 0.4813392 0.9919371 0.5034763 0.9109016 0.4813392 0.913092 0.4255699 0.9223086 0.4530782 0.8901058 0.4534545 0.9260945 0.4813392 0.8737888 0.4584843 0.9109016 0.4813392 0.913092 0.4584843 0.8755511 0.4813392 0.8420876 0.4584843 0.8438499 0.4530782 0.8683915 0.4248172 0.8579703 0.4530782 0.858856 0.4356295 0.8773132 0.4584843 0.8469569 0.4356295 0.8500001 0.4530782 0.8901058 0.4248172 0.8678814 0.4530782 0.8683915 0.4530782 0.8901058 0.4584843 0.8469569 0.4584843 0.8755511 0.4530782 0.858856 0.4356295 0.8342936 0.4584843 0.8296154 0.4356295 0.8500001 0.4584843 0.8296154 0.4356295 0.8342936 0.4530782 0.8683915 0.4584843 0.8296154 0.4584843 0.8469569 0.4248172 0.8678814 0.4356295 0.8342936 0.4248172 0.8579703 0.4530782 0.8584047 0.4584843 0.8185339 0.4530782 0.844821 0.4813392 0.8903425 0.4530782 0.8584047 0.4813392 0.8586414 0.4813392 0.8903425 0.4813392 0.8420876 0.4813392 0.8737888 0.4530782 0.8901058 0.4584843 0.8438499 0.4530782 0.8584047 0.4813392 0.8455477 0.4584843 0.8185339 0.4813392 0.8145211 0.4813392 0.8586414 0.4530782 0.844821 0.4813392 0.8455477 0.4584843 0.8438499 0.4813392 0.8145211 0.4584843 0.8185339 0.4813392 0.8586414 0.4813392 0.8145211 0.4813392 0.8420876 0.5034763 0.8492915 0.4813392 0.8313598 0.4813392 0.8459826 0.4813392 0.8903425 0.5088825 0.8720961 0.5088825 0.8901058 0.4813392 0.8903425 0.4813392 0.8459826 0.4813392 0.8726645 0.5088825 0.8901058 0.5034763 0.8492915 0.5034763 0.8755511 0.4813392 0.8673015 0.5034763 0.8362706 0.5088825 0.866355 0.4813392 0.8726645 0.4813392 0.8313598 0.4813392 0.8673015 0.5088825 0.8720961 0.5034763 0.8362706 0.5034763 0.8492915 0.4813392 0.8726645 0.5088825 0.866355 0.5088825 0.8720961 0.5364259 0.879974 0.5256134 0.8525322 0.5256134 0.8642193 0.5364259 0.8929799 0.5256134 0.8642193 0.5256134 0.8773132 0.5088825 0.8901058 0.5034763 0.862457 0.5088825 0.8802107 0.5088825 0.8901058 0.5364259 0.879974 0.5364259 0.8929799 0.5088825 0.8732696 0.5256134 0.8525322 0.5364259 0.8724215 0.5088825 0.8802107 0.5034763 0.8482813 0.5088825 0.8732696 0.5088825 0.8802107 0.5364259 0.8724215 0.5364259 0.879974 0.5256134 0.8642193 0.5034763 0.8482813 0.5034763 0.862457 0.004135906 0.8692908 0.008652389 0.7552261 0.0346567 0.8024058 0.2118514 0.8024058 0.1232541 0.7793648 0.1232541 0.8692908 0.0346567 0.8024058 0.008652389 0.7552261 0.004135906 0.8692908 0.2118514 0.9361758 0.2118514 0.8692908 0.2423722 0.8692908 0.1232541 0.9885482 0.1232541 0.9592162 0.2118514 0.9361758 0.0346567 0.9361758 0.1232541 0.9592162 0.1232541 0.9885482 0.0346567 0.8024058 0.1232541 0.7793648 0.1232541 0.7500334 0.1232541 0.7500334 0.1232541 0.7793648 0.2118514 0.8024058 0.2118514 0.8024058 0.2365124 0.7552261 0.2423722 0.8692908 0.0346567 0.9361758 0.0346567 0.8692908 0.004135906 0.8692908 0.2118514 0.9361758 0.1232541 0.8692908 0.1232541 0.9592162 0.004135906 0.8692908 0.0346567 0.9361758 0.008652389 0.9833556 0.1232541 0.8692908 0.0346567 0.9361758 0.1232541 0.9592162 0.0346567 0.9361758 0.1232541 0.8692908 0.1232541 0.9592162 0.0346567 0.8024058 0.1232541 0.8692908 0.0346567 0.8692908 0.1232541 0.8692908 0.0346567 0.8024058 0.0346567 0.8692908 0.2423722 0.8692908 0.2118514 0.8024058 0.2118514 0.8692908 0.1232541 0.8692908 0.2118514 0.8024058 0.2118514 0.8692908 0.1232541 0.7500334 0.2118514 0.8024058 0.1232541 0.7793648 0.0346567 0.8024058 0.1232541 0.7500334 0.1232541 0.7793648 0.0346567 0.9361758 0.1232541 0.9885482 0.1232541 0.9592162 0.1232541 0.9885482 0.2118514 0.9361758 0.1232541 0.9592162 0.1232541 0.8692908 0.2118514 0.9361758 0.1232541 0.9592162 0.2423722 0.8692908 0.2118514 0.9361758 0.2365124 0.9833556 0.004135906 0.8692908 0.0346567 0.8024058 0.0346567 0.8692908 0.2118514 0.8024058 0.1232541 0.8692908 0.2118514 0.8692908 0.0346567 0.8024058 0.004135906 0.8692908 0.0346567 0.8692908 0.2118514 0.9361758 0.2423722 0.8692908 0.2365124 0.9833556 0.1232541 0.9885482 0.2118514 0.9361758 0.2365124 0.9833556 0.0346567 0.9361758 0.1232541 0.9885482 0.008652389 0.9833556 0.0346567 0.8024058 0.1232541 0.7500334 0.008652389 0.7552261 0.1232541 0.7500334 0.2118514 0.8024058 0.2365124 0.7552261 0.2118514 0.8024058 0.2423722 0.8692908 0.2118514 0.8692908 0.0346567 0.9361758 0.004135906 0.8692908 0.008652389 0.9833556</float_array>
          <technique_common>
            <accessor source="#Cube_021-mesh-map-0-array" count="3144" stride="2">
              <param name="S" type="float"/>
              <param name="T" type="float"/>
            </accessor>
          </technique_common>
        </source>
        <vertices id="Cube_021-mesh-vertices">
          <input semantic="POSITION" source="#Cube_021-mesh-positions"/>
        </vertices>
        <triangles material="TennaBtl-material" count="1048">
          <input semantic="VERTEX" source="#Cube_021-mesh-vertices" offset="0"/>
          <input semantic="NORMAL" source="#Cube_021-mesh-normals" offset="1"/>
          <input semantic="TEXCOORD" source="#Cube_021-mesh-map-0" offset="2" set="0"/>
          <p>63 0 0 36 1 1 59 2 2 1 3 3 9 4 4 7 5 5 12 6 6 6 7 7 14 8 8 0 9 9 5 10 10 2 11 11 71 12 12 25 13 13 69 14 14 6 7 15 13 15 16 14 8 17 65 16 18 42 17 19 41 18 20 43 19 21 44 20 22 39 21 23 3 22 24 4 23 25 1 3 26 35 24 27 62 25 28 58 26 29 29 27 30 292 28 31 294 29 32 305 30 33 20 31 34 296 32 35 22 33 36 70 34 37 72 35 38 292 28 39 27 36 40 295 37 41 20 31 42 297 38 43 296 32 44 21 39 45 297 38 46 291 40 47 2 41 48 6 41 49 12 41 50 292 28 51 28 42 52 289 43 53 70 34 54 69 14 55 68 44 56 31 45 57 18 45 58 32 45 59 2 46 60 5 46 61 6 46 62 304 47 63 30 48 64 303 49 65 0 9 66 4 23 67 5 10 68 43 19 69 46 50 70 44 20 71 6 51 72 5 51 73 13 51 74 297 38 75 24 52 76 291 40 77 8 53 78 2 53 79 12 53 80 63 0 81 40 54 82 66 55 83 299 56 84 24 52 85 303 49 86 63 0 87 59 2 88 40 54 89 21 39 90 299 56 91 301 57 92 27 36 93 300 58 94 298 59 95 300 58 96 29 27 97 302 60 98 1 3 99 4 23 100 9 4 101 22 33 102 71 12 103 70 34 104 62 25 105 66 55 106 43 19 107 36 1 108 41 18 109 34 61 110 63 0 111 65 16 112 36 1 113 62 25 114 65 16 115 63 0 116 26 62 117 64 63 118 22 33 119 35 24 120 42 17 121 62 25 122 297 38 123 23 64 124 293 65 125 43 19 126 47 66 127 46 50 128 304 47 129 29 27 130 294 29 131 61 67 132 45 68 133 34 61 134 39 21 135 44 20 136 37 69 137 31 70 138 16 70 139 18 70 140 45 68 141 47 66 142 52 71 143 47 66 144 45 68 145 38 72 146 3 22 147 5 10 148 4 23 149 46 50 150 44 20 151 50 73 152 15 74 153 32 74 154 17 74 155 50 73 156 47 66 157 46 50 158 66 55 159 47 66 160 43 19 161 40 54 162 45 68 163 47 66 164 35 24 165 41 18 166 42 17 167 3 51 168 13 51 169 5 51 170 35 24 171 60 75 172 33 76 173 45 68 174 59 2 175 36 1 176 36 1 177 34 61 178 45 68 179 39 21 180 62 25 181 43 19 182 8 77 183 0 9 184 2 11 185 60 75 186 39 21 187 37 69 188 47 66 189 51 78 190 52 71 191 52 71 192 48 79 193 45 68 194 67 80 195 46 50 196 38 72 197 46 50 198 47 66 199 38 72 200 9 4 201 0 9 202 10 81 203 49 82 204 55 83 205 54 84 206 53 85 207 57 86 208 55 83 209 7 5 210 3 22 211 1 3 212 62 25 213 63 0 214 66 55 215 36 1 216 65 16 217 41 18 218 62 25 219 42 17 220 65 16 221 61 67 222 38 72 223 45 68 224 15 87 225 31 87 226 32 87 227 50 73 228 51 78 229 47 66 230 66 55 231 40 54 232 47 66 233 35 24 234 33 76 235 41 18 236 3 51 237 11 51 238 13 51 239 35 24 240 58 26 241 60 75 242 45 68 243 40 54 244 59 2 245 39 21 246 58 26 247 62 25 248 8 77 249 10 81 250 0 9 251 60 75 252 58 26 253 39 21 254 67 80 255 44 20 256 46 50 257 9 4 258 4 23 259 0 9 260 49 82 261 53 85 262 55 83 263 53 85 264 56 88 265 57 86 266 7 5 267 11 89 268 3 22 269 71 12 270 64 63 271 25 13 272 72 35 273 70 34 274 68 44 275 72 35 276 26 62 277 22 33 278 70 34 279 71 12 280 69 14 281 22 33 282 64 63 283 71 12 284 26 62 285 25 13 286 64 63 287 22 33 288 74 90 289 26 62 290 102 91 291 78 92 292 83 93 293 83 93 294 78 92 295 84 94 296 101 95 297 76 96 298 85 97 299 85 97 300 76 96 301 82 98 302 81 99 303 86 100 304 77 101 305 87 102 306 104 103 307 100 104 308 85 97 309 75 105 310 79 106 311 99 107 312 85 97 313 79 106 314 83 93 315 81 99 316 77 101 317 102 91 318 77 101 319 97 108 320 77 101 321 103 109 322 97 108 323 75 105 324 87 102 325 79 106 326 79 106 327 100 104 328 99 107 329 90 110 330 96 111 331 94 112 332 80 113 333 91 114 334 87 102 335 88 115 336 90 110 337 86 100 338 103 109 339 90 110 340 105 116 341 106 117 342 93 118 343 107 119 344 105 116 345 94 112 346 107 119 347 91 114 348 106 117 349 104 103 350 89 120 351 95 121 352 91 114 353 104 103 354 96 111 355 92 122 356 89 120 357 107 119 358 93 118 359 96 111 360 107 119 361 94 112 362 80 113 363 105 116 364 89 120 365 81 99 366 100 104 367 88 115 368 75 105 369 103 109 370 80 113 371 82 98 372 97 108 373 75 105 374 81 99 375 101 95 376 99 107 377 100 104 378 92 122 379 88 115 380 78 92 381 101 95 382 84 94 383 82 98 384 76 96 385 102 91 386 22 33 387 73 123 388 74 90 389 102 91 390 76 96 391 78 92 392 81 99 393 88 115 394 86 100 395 87 102 396 91 114 397 104 103 398 85 97 399 82 98 400 75 105 401 99 107 402 101 95 403 85 97 404 83 93 405 84 94 406 81 99 407 102 91 408 83 93 409 77 101 410 77 101 411 86 100 412 103 109 413 75 105 414 80 113 415 87 102 416 79 106 417 87 102 418 100 104 419 90 110 420 92 122 421 96 111 422 80 113 423 89 120 424 91 114 425 88 115 426 92 122 427 90 110 428 103 109 429 86 100 430 90 110 431 106 117 432 95 121 433 93 118 434 105 116 435 90 110 436 94 112 437 91 114 438 95 121 439 106 117 440 89 120 441 93 118 442 95 121 443 104 103 444 106 117 445 96 111 446 89 120 447 105 116 448 107 119 449 96 111 450 106 117 451 107 119 452 80 113 453 103 109 454 105 116 455 81 99 456 99 107 457 100 104 458 75 105 459 97 108 460 103 109 461 82 98 462 102 91 463 97 108 464 81 99 465 84 94 466 101 95 467 100 104 468 104 103 469 92 122 470 78 92 471 76 96 472 101 95 473 108 124 474 109 125 475 98 126 476 115 127 477 114 128 478 113 129 479 114 128 480 111 130 481 113 129 482 117 131 483 108 124 484 98 126 485 111 130 486 117 131 487 119 132 488 110 133 489 118 134 490 116 135 491 116 135 492 112 136 493 114 128 494 109 125 495 115 127 496 119 132 497 112 136 498 117 131 499 111 130 500 110 133 501 115 127 502 109 125 503 108 124 504 110 133 505 109 125 506 119 132 507 117 131 508 98 126 509 98 126 510 109 125 511 119 132 512 115 127 513 116 135 514 114 128 515 114 128 516 112 136 517 111 130 518 117 131 519 118 134 520 108 124 521 119 132 522 115 127 523 113 129 524 113 129 525 111 130 526 119 132 527 110 133 528 108 124 529 118 134 530 116 135 531 118 134 532 112 136 533 112 136 534 118 134 535 117 131 536 110 133 537 116 135 538 115 127 539 135 137 540 123 138 541 136 139 542 127 140 543 256 141 544 131 142 545 148 143 546 156 144 547 144 145 548 141 146 549 281 147 550 282 148 551 120 149 552 275 150 553 273 151 554 134 152 555 125 153 556 127 140 557 123 138 558 126 154 559 130 155 560 142 156 561 258 157 562 257 158 563 130 155 564 134 152 565 131 142 566 135 137 567 121 159 568 128 160 569 140 161 570 256 141 571 253 162 572 127 140 573 131 142 574 134 152 575 125 153 576 139 163 577 129 164 578 137 165 579 143 166 580 142 156 581 121 159 582 126 154 583 128 160 584 254 167 585 137 165 586 142 156 587 252 168 588 132 169 589 255 170 590 251 171 591 135 137 592 146 172 593 146 172 594 136 139 595 141 146 596 122 173 597 121 159 598 135 137 599 124 174 600 145 175 601 120 149 602 253 162 603 144 145 604 137 165 605 136 139 606 120 149 607 141 146 608 132 169 609 122 173 610 251 171 611 126 154 612 133 176 613 134 152 614 152 177 615 150 178 616 149 179 617 144 145 618 138 180 619 137 165 620 155 181 621 151 182 622 152 177 623 152 177 624 154 183 625 147 184 626 125 153 627 148 143 628 127 140 629 129 164 630 147 184 631 125 153 632 153 185 633 147 184 634 154 183 635 135 137 636 128 160 637 123 138 638 156 144 639 150 178 640 151 182 641 150 178 642 154 183 643 149 179 644 123 138 645 124 174 646 136 139 647 139 163 648 133 176 649 122 173 650 252 168 651 129 164 652 139 163 653 144 145 654 129 164 655 138 180 656 125 153 657 147 184 658 148 143 659 155 181 660 147 184 661 129 164 662 144 145 663 127 140 664 148 143 665 129 164 666 156 144 667 155 181 668 131 142 669 124 174 670 130 155 671 179 186 672 160 187 673 176 188 674 160 187 675 177 189 676 176 188 677 173 190 678 162 191 679 178 192 680 162 191 681 175 193 682 178 192 683 165 194 684 181 195 685 157 196 686 168 197 687 180 198 688 162 191 689 160 187 690 166 199 691 180 198 692 159 200 693 181 195 694 165 194 695 164 201 696 173 190 697 177 189 698 158 202 699 179 186 700 175 193 701 157 196 702 174 203 703 165 194 704 163 204 705 173 190 706 167 205 707 172 206 708 157 196 709 161 207 710 173 190 711 161 207 712 167 205 713 170 208 714 163 204 715 159 200 716 174 203 717 159 200 718 165 194 719 175 193 720 174 203 721 169 209 722 177 189 723 173 190 724 171 210 725 178 192 726 169 209 727 172 206 728 173 190 729 178 192 730 172 206 731 170 208 732 177 189 733 171 210 734 174 203 735 176 188 736 170 208 737 179 186 738 166 199 739 160 187 740 162 191 741 180 198 742 158 202 743 158 202 744 180 198 745 166 199 746 181 195 747 163 204 748 167 205 749 181 195 750 161 207 751 157 196 752 160 187 753 164 201 754 177 189 755 173 190 756 168 197 757 162 191 758 162 191 759 158 202 760 175 193 761 168 197 762 164 201 763 180 198 764 164 201 765 160 187 766 180 198 767 159 200 768 163 204 769 181 195 770 164 201 771 168 197 772 173 190 773 158 202 774 166 199 775 179 186 776 157 196 777 169 209 778 174 203 779 163 204 780 171 210 781 173 190 782 172 206 783 169 209 784 157 196 785 173 190 786 172 206 787 161 207 788 170 208 789 171 210 790 163 204 791 174 203 792 170 208 793 159 200 794 175 193 795 179 186 796 174 203 797 178 192 798 175 193 799 169 209 800 170 208 801 176 188 802 177 189 803 174 203 804 179 186 805 176 188 806 181 195 807 167 205 808 161 207 809 191 211 810 184 212 811 190 213 812 185 214 813 188 215 814 184 212 815 193 216 816 186 217 817 192 218 818 187 219 819 182 220 820 186 217 821 191 211 822 187 219 823 193 216 824 185 214 825 193 216 826 189 221 827 189 221 828 192 218 829 188 215 830 183 222 831 190 213 832 182 220 833 192 218 834 197 223 835 188 215 836 184 212 837 198 224 838 190 213 839 196 225 840 200 226 841 202 227 842 199 228 843 202 227 844 205 229 845 182 220 846 198 224 847 194 230 848 192 218 849 196 225 850 199 228 851 186 217 852 194 230 853 196 225 854 188 215 855 195 231 856 184 212 857 204 232 858 206 233 859 200 226 860 201 234 861 206 233 862 204 232 863 197 223 864 201 234 865 195 231 866 195 231 867 204 232 868 198 224 869 199 228 870 203 235 871 197 223 872 194 230 873 204 232 874 200 226 875 191 211 876 185 214 877 184 212 878 206 233 879 202 227 880 200 226 881 206 233 882 203 235 883 205 229 884 185 214 885 189 221 886 188 215 887 193 216 888 187 219 889 186 217 890 187 219 891 183 222 892 182 220 893 191 211 894 183 222 895 187 219 896 185 214 897 191 211 898 193 216 899 189 221 900 193 216 901 192 218 902 183 222 903 191 211 904 190 213 905 192 218 906 199 228 907 197 223 908 184 212 909 195 231 910 198 224 911 196 225 912 194 230 913 200 226 914 199 228 915 196 225 916 202 227 917 182 220 918 190 213 919 198 224 920 192 218 921 186 217 922 196 225 923 186 217 924 182 220 925 194 230 926 188 215 927 197 223 928 195 231 929 201 234 930 203 235 931 206 233 932 197 223 933 203 235 934 201 234 935 195 231 936 201 234 937 204 232 938 199 228 939 205 229 940 203 235 941 194 230 942 198 224 943 204 232 944 206 233 945 205 229 946 202 227 947 208 236 948 220 237 949 219 238 950 224 239 951 214 240 952 221 241 953 214 240 954 222 242 955 221 241 956 223 243 957 208 236 958 219 238 959 213 244 960 217 245 961 215 246 962 208 236 963 218 247 964 225 248 965 214 240 966 225 248 967 212 249 968 215 246 969 207 250 970 209 251 971 212 249 972 223 243 973 222 242 974 210 252 975 224 239 976 220 237 977 209 251 978 224 239 979 215 246 980 211 253 981 223 243 982 217 245 983 223 243 984 207 250 985 217 245 986 213 244 987 222 242 988 211 253 989 224 239 990 213 244 991 215 246 992 207 250 993 220 237 994 209 251 995 208 236 996 210 252 997 220 237 998 212 249 999 225 248 1000 218 247 1001 225 248 1002 214 240 1003 216 254 1004 224 239 1005 216 254 1006 214 240 1007 214 240 1008 212 249 1009 222 242 1010 223 243 1011 218 247 1012 208 236 1013 213 244 1014 211 253 1015 217 245 1016 225 248 1017 216 254 1018 210 252 1019 210 252 1020 208 236 1021 225 248 1022 215 246 1023 217 245 1024 207 250 1025 212 249 1026 218 247 1027 223 243 1028 210 252 1029 216 254 1030 224 239 1031 209 251 1032 220 237 1033 224 239 1034 211 253 1035 222 242 1036 223 243 1037 223 243 1038 219 238 1039 207 250 1040 213 244 1041 221 241 1042 222 242 1043 224 239 1044 221 241 1045 213 244 1046 207 250 1047 219 238 1048 220 237 1049 234 255 1050 229 256 1051 228 257 1052 229 256 1053 232 258 1054 228 257 1055 237 259 1056 230 260 1057 236 261 1058 231 262 1059 226 263 1060 230 260 1061 234 255 1062 230 260 1063 226 263 1064 237 259 1065 238 264 1066 231 262 1067 233 265 1068 238 264 1069 237 259 1070 232 258 1071 234 255 1072 228 257 1073 233 265 1074 236 261 1075 232 258 1076 227 266 1077 234 255 1078 226 263 1079 238 264 1080 229 256 1081 235 267 1082 238 264 1083 227 266 1084 231 262 1085 234 255 1086 235 267 1087 229 256 1088 229 256 1089 233 265 1090 232 258 1091 237 259 1092 231 262 1093 230 260 1094 231 262 1095 227 266 1096 226 263 1097 234 255 1098 236 261 1099 230 260 1100 232 258 1101 236 261 1102 234 255 1103 233 265 1104 237 259 1105 236 261 1106 227 266 1107 235 267 1108 234 255 1109 238 264 1110 233 265 1111 229 256 1112 238 264 1113 235 267 1114 227 266 1115 240 268 1116 241 269 1117 239 270 1118 248 271 1119 245 272 1120 247 273 1121 245 272 1122 244 274 1123 243 275 1124 245 272 1125 249 276 1126 247 273 1127 242 277 1128 250 278 1129 248 271 1130 246 279 1131 250 278 1132 244 274 1133 241 269 1134 249 276 1135 239 270 1136 242 277 1137 247 273 1138 241 269 1139 240 268 1140 242 277 1141 241 269 1142 248 271 1143 246 279 1144 245 272 1145 245 272 1146 246 279 1147 244 274 1148 245 272 1149 243 275 1150 249 276 1151 242 277 1152 240 268 1153 250 278 1154 246 279 1155 248 271 1156 250 278 1157 241 269 1158 247 273 1159 249 276 1160 242 277 1161 248 271 1162 247 273 1163 138 180 1164 255 170 1165 143 166 1166 145 175 1167 253 162 1168 254 167 1169 254 167 1170 266 280 1171 145 175 1172 260 281 1173 262 282 1174 258 157 1175 142 156 1176 259 283 1177 254 167 1178 255 170 1179 258 157 1180 143 166 1181 255 170 1182 259 283 1183 260 281 1184 264 284 1185 261 285 1186 262 282 1187 257 158 1188 263 286 1189 259 283 1190 260 281 1191 263 286 1192 264 284 1193 258 157 1194 261 285 1195 257 158 1196 268 287 1197 271 288 1198 267 289 1199 132 169 1200 268 287 1201 255 170 1202 132 169 1203 266 280 1204 265 290 1205 255 170 1206 267 289 1207 254 167 1208 269 291 1209 271 288 1210 272 292 1211 265 290 1212 272 292 1213 268 287 1214 267 289 1215 270 293 1216 266 280 1217 265 290 1218 270 293 1219 269 291 1220 273 151 1221 279 294 1222 277 295 1223 132 169 1224 276 296 1225 274 297 1226 132 169 1227 275 150 1228 145 175 1229 251 171 1230 273 151 1231 276 296 1232 278 298 1233 277 295 1234 279 294 1235 274 297 1236 279 294 1237 275 150 1238 276 296 1239 277 295 1240 280 299 1241 274 297 1242 280 299 1243 278 298 1244 283 300 1245 286 301 1246 287 302 1247 146 172 1248 282 148 1249 283 300 1250 251 171 1251 281 147 1252 120 149 1253 251 171 1254 283 300 1255 284 303 1256 288 304 1257 286 301 1258 285 305 1259 284 303 1260 285 305 1261 281 147 1262 284 303 1263 287 302 1264 288 304 1265 282 148 1266 285 305 1267 286 301 1268 127 140 1269 144 145 1270 256 141 1271 148 143 1272 153 185 1273 156 144 1274 141 146 1275 120 149 1276 281 147 1277 120 149 1278 145 175 1279 275 150 1280 134 152 1281 133 176 1282 125 153 1283 123 138 1284 128 160 1285 126 154 1286 142 156 1287 143 166 1288 258 157 1289 130 155 1290 126 154 1291 134 152 1292 140 161 1293 131 142 1294 256 141 1295 125 153 1296 133 176 1297 139 163 1298 137 165 1299 138 180 1300 143 166 1301 121 159 1302 133 176 1303 126 154 1304 254 167 1305 253 162 1306 137 165 1307 252 168 1308 139 163 1309 132 169 1310 251 171 1311 122 173 1312 135 137 1313 146 172 1314 135 137 1315 136 139 1316 122 173 1317 133 176 1318 121 159 1319 124 174 1320 140 161 1321 145 175 1322 253 162 1323 256 141 1324 144 145 1325 136 139 1326 124 174 1327 120 149 1328 132 169 1329 139 163 1330 122 173 1331 152 177 1332 151 182 1333 150 178 1334 155 181 1335 156 144 1336 151 182 1337 152 177 1338 149 179 1339 154 183 1340 153 185 1341 148 143 1342 147 184 1343 156 144 1344 153 185 1345 150 178 1346 150 178 1347 153 185 1348 154 183 1349 123 138 1350 130 155 1351 124 174 1352 252 168 1353 138 180 1354 129 164 1355 155 181 1356 152 177 1357 147 184 1358 129 164 1359 144 145 1360 156 144 1361 131 142 1362 140 161 1363 124 174 1364 138 180 1365 252 168 1366 255 170 1367 145 175 1368 140 161 1369 253 162 1370 254 167 1371 267 289 1372 266 280 1373 260 281 1374 264 284 1375 262 282 1376 142 156 1377 257 158 1378 259 283 1379 255 170 1380 260 281 1381 258 157 1382 255 170 1383 254 167 1384 259 283 1385 264 284 1386 263 286 1387 261 285 1388 257 158 1389 261 285 1390 263 286 1391 260 281 1392 259 283 1393 263 286 1394 258 157 1395 262 282 1396 261 285 1397 268 287 1398 272 292 1399 271 288 1400 132 169 1401 265 290 1402 268 287 1403 132 169 1404 145 175 1405 266 280 1406 255 170 1407 268 287 1408 267 289 1409 269 291 1410 270 293 1411 271 288 1412 265 290 1413 269 291 1414 272 292 1415 267 289 1416 271 288 1417 270 293 1418 265 290 1419 266 280 1420 270 293 1421 273 151 1422 275 150 1423 279 294 1424 132 169 1425 251 171 1426 276 296 1427 132 169 1428 274 297 1429 275 150 1430 251 171 1431 120 149 1432 273 151 1433 278 298 1434 280 299 1435 277 295 1436 274 297 1437 278 298 1438 279 294 1439 276 296 1440 273 151 1441 277 295 1442 274 297 1443 276 296 1444 280 299 1445 283 300 1446 282 148 1447 286 301 1448 146 172 1449 141 146 1450 282 148 1451 251 171 1452 284 303 1453 281 147 1454 251 171 1455 146 172 1456 283 300 1457 288 304 1458 287 302 1459 286 301 1460 284 303 1461 288 304 1462 285 305 1463 284 303 1464 283 300 1465 287 302 1466 282 148 1467 281 147 1468 285 305 1469 305 30 1470 21 39 1471 301 57 1472 30 48 1473 292 28 1474 289 43 1475 28 42 1476 305 30 1477 301 57 1478 23 64 1479 304 47 1480 293 65 1481 300 58 1482 23 64 1483 19 306 1484 20 31 1485 300 58 1486 19 306 1487 28 42 1488 299 56 1489 289 43 1490 299 56 1491 30 48 1492 289 43 1493 24 52 1494 304 47 1495 303 49 1496 27 36 1497 305 30 1498 295 37 1499 29 27 1500 290 307 1501 292 28 1502 305 30 1503 298 59 1504 20 31 1505 292 28 1506 290 307 1507 27 36 1508 20 31 1509 19 306 1510 297 38 1511 21 39 1512 296 32 1513 297 38 1514 292 28 1515 295 37 1516 28 42 1517 304 47 1518 294 29 1519 30 48 1520 297 38 1521 293 65 1522 24 52 1523 299 56 1524 291 40 1525 24 52 1526 21 39 1527 291 40 1528 299 56 1529 27 36 1530 290 307 1531 300 58 1532 300 58 1533 290 307 1534 29 27 1535 297 38 1536 19 306 1537 23 64 1538 304 47 1539 302 60 1540 29 27 1541 305 30 1542 296 32 1543 21 39 1544 30 48 1545 294 29 1546 292 28 1547 28 42 1548 295 37 1549 305 30 1550 23 64 1551 302 60 1552 304 47 1553 300 58 1554 302 60 1555 23 64 1556 20 31 1557 298 59 1558 300 58 1559 28 42 1560 301 57 1561 299 56 1562 299 56 1563 303 49 1564 30 48 1565 24 52 1566 293 65 1567 304 47 1568 27 36 1569 298 59 1570 305 30 1571 348 308 1572 346 309 1573 330 310 1574 307 311 1575 7 5 1576 9 4 1577 12 6 1578 14 8 1579 312 312 1580 306 313 1581 308 314 1582 311 315 1583 353 316 1584 69 14 1585 25 13 1586 312 312 1587 14 8 1588 13 15 1589 350 317 1590 41 18 1591 333 318 1592 334 319 1593 331 320 1594 44 20 1595 309 321 1596 307 311 1597 310 322 1598 329 323 1599 345 324 1600 347 325 1601 325 326 1602 568 327 1603 566 328 1604 579 329 1605 570 330 1606 318 331 1607 320 332 1608 72 35 1609 352 333 1610 566 328 1611 569 334 1612 323 335 1613 318 331 1614 570 330 1615 571 336 1616 319 337 1617 565 338 1618 571 336 1619 308 339 1620 12 339 1621 312 339 1622 566 328 1623 563 340 1624 324 341 1625 352 333 1626 68 44 1627 69 14 1628 327 342 1629 328 342 1630 316 342 1631 308 343 1632 312 343 1633 311 343 1634 578 344 1635 577 345 1636 326 346 1637 306 313 1638 311 315 1639 310 322 1640 334 319 1641 44 20 1642 336 347 1643 312 51 1644 13 51 1645 311 51 1646 571 336 1647 565 338 1648 322 348 1649 8 53 1650 12 53 1651 308 53 1652 348 308 1653 351 349 1654 332 350 1655 573 351 1656 577 345 1657 322 348 1658 348 308 1659 332 350 1660 346 309 1661 319 337 1662 575 352 1663 573 351 1664 323 335 1665 572 353 1666 574 354 1667 574 354 1668 576 355 1669 325 326 1670 307 311 1671 9 4 1672 310 322 1673 320 332 1674 352 333 1675 353 316 1676 347 325 1677 334 319 1678 351 349 1679 330 310 1680 34 61 1681 41 18 1682 348 308 1683 330 310 1684 350 317 1685 347 325 1686 348 308 1687 350 317 1688 26 62 1689 320 332 1690 349 356 1691 329 323 1692 347 325 1693 333 318 1694 571 336 1695 567 357 1696 321 358 1697 334 319 1698 336 347 1699 337 359 1700 578 344 1701 568 327 1702 325 326 1703 61 67 1704 34 61 1705 335 360 1706 331 320 1707 37 69 1708 44 20 1709 327 361 1710 316 361 1711 314 361 1712 335 360 1713 341 362 1714 337 359 1715 337 359 1716 38 72 1717 335 360 1718 309 321 1719 310 322 1720 311 315 1721 336 347 1722 339 363 1723 44 20 1724 313 364 1725 315 364 1726 328 364 1727 339 363 1728 336 347 1729 337 359 1730 351 349 1731 334 319 1732 337 359 1733 332 350 1734 337 359 1735 335 360 1736 329 323 1737 333 318 1738 41 18 1739 309 51 1740 311 51 1741 13 51 1742 329 323 1743 33 76 1744 60 75 1745 335 360 1746 330 310 1747 346 309 1748 330 310 1749 335 360 1750 34 61 1751 331 320 1752 334 319 1753 347 325 1754 8 77 1755 308 314 1756 306 313 1757 60 75 1758 37 69 1759 331 320 1760 337 359 1761 341 362 1762 340 365 1763 341 362 1764 335 360 1765 338 366 1766 67 80 1767 38 72 1768 336 347 1769 336 347 1770 38 72 1771 337 359 1772 9 4 1773 10 81 1774 306 313 1775 49 82 1776 342 84 1777 343 367 1778 53 85 1779 343 367 1780 344 368 1781 7 5 1782 307 311 1783 309 321 1784 347 325 1785 351 349 1786 348 308 1787 330 310 1788 41 18 1789 350 317 1790 347 325 1791 350 317 1792 333 318 1793 61 67 1794 335 360 1795 38 72 1796 313 369 1797 328 369 1798 327 369 1799 339 363 1800 337 359 1801 340 365 1802 351 349 1803 337 359 1804 332 350 1805 329 323 1806 41 18 1807 33 76 1808 309 51 1809 13 51 1810 11 51 1811 329 323 1812 60 75 1813 345 324 1814 335 360 1815 346 309 1816 332 350 1817 331 320 1818 347 325 1819 345 324 1820 8 77 1821 306 313 1822 10 81 1823 60 75 1824 331 320 1825 345 324 1826 67 80 1827 336 347 1828 44 20 1829 9 4 1830 306 313 1831 310 322 1832 49 82 1833 343 367 1834 53 85 1835 53 85 1836 344 368 1837 56 88 1838 7 5 1839 309 321 1840 11 89 1841 353 316 1842 25 13 1843 349 356 1844 72 35 1845 68 44 1846 352 333 1847 72 35 1848 320 332 1849 26 62 1850 352 333 1851 69 14 1852 353 316 1853 320 332 1854 353 316 1855 349 356 1856 26 62 1857 349 356 1858 25 13 1859 320 332 1860 26 62 1861 74 90 1862 382 370 1863 363 371 1864 358 372 1865 363 371 1866 364 373 1867 358 372 1868 381 374 1869 365 375 1870 356 376 1871 365 375 1872 362 377 1873 356 376 1874 361 378 1875 357 379 1876 366 380 1877 367 381 1878 380 382 1879 384 383 1880 365 375 1881 359 384 1882 355 385 1883 379 386 1884 359 384 1885 365 375 1886 363 371 1887 357 379 1888 361 378 1889 382 370 1890 377 387 1891 357 379 1892 357 379 1893 377 387 1894 383 388 1895 355 385 1896 359 384 1897 367 381 1898 359 384 1899 379 386 1900 380 382 1901 370 389 1902 374 390 1903 376 391 1904 360 392 1905 367 381 1906 371 393 1907 368 394 1908 366 380 1909 370 389 1910 383 388 1911 385 395 1912 370 389 1913 386 396 1914 387 397 1915 373 398 1916 385 395 1917 387 397 1918 374 390 1919 371 393 1920 384 383 1921 386 396 1922 369 399 1923 371 393 1924 375 400 1925 384 383 1926 372 401 1927 376 391 1928 369 399 1929 373 398 1930 387 397 1931 376 391 1932 374 390 1933 387 397 1934 360 392 1935 369 399 1936 385 395 1937 361 378 1938 368 394 1939 380 382 1940 355 385 1941 360 392 1942 383 388 1943 362 377 1944 355 385 1945 377 387 1946 361 378 1947 379 386 1948 381 374 1949 380 382 1950 368 394 1951 372 401 1952 358 372 1953 364 373 1954 381 374 1955 362 377 1956 382 370 1957 356 376 1958 320 332 1959 74 90 1960 354 402 1961 382 370 1962 358 372 1963 356 376 1964 361 378 1965 366 380 1966 368 394 1967 367 381 1968 384 383 1969 371 393 1970 365 375 1971 355 385 1972 362 377 1973 379 386 1974 365 375 1975 381 374 1976 363 371 1977 361 378 1978 364 373 1979 382 370 1980 357 379 1981 363 371 1982 357 379 1983 383 388 1984 366 380 1985 355 385 1986 367 381 1987 360 392 1988 359 384 1989 380 382 1990 367 381 1991 370 389 1992 376 391 1993 372 401 1994 360 392 1995 371 393 1996 369 399 1997 368 394 1998 370 389 1999 372 401 2000 383 388 2001 370 389 2002 366 380 2003 386 396 2004 373 398 2005 375 400 2006 385 395 2007 374 390 2008 370 389 2009 371 393 2010 386 396 2011 375 400 2012 369 399 2013 375 400 2014 373 398 2015 384 383 2016 376 391 2017 386 396 2018 369 399 2019 387 397 2020 385 395 2021 376 391 2022 387 397 2023 386 396 2024 360 392 2025 385 395 2026 383 388 2027 361 378 2028 380 382 2029 379 386 2030 355 385 2031 383 388 2032 377 387 2033 362 377 2034 377 387 2035 382 370 2036 361 378 2037 381 374 2038 364 373 2039 380 382 2040 372 401 2041 384 383 2042 358 372 2043 381 374 2044 356 376 2045 388 403 2046 378 404 2047 389 405 2048 395 406 2049 393 407 2050 394 408 2051 394 408 2052 393 407 2053 391 409 2054 397 410 2055 378 404 2056 388 403 2057 391 409 2058 399 411 2059 397 410 2060 390 412 2061 396 413 2062 398 414 2063 396 413 2064 394 408 2065 392 415 2066 389 405 2067 399 411 2068 395 406 2069 392 415 2070 391 409 2071 397 410 2072 390 412 2073 389 405 2074 395 406 2075 388 403 2076 389 405 2077 390 412 2078 399 411 2079 378 404 2080 397 410 2081 378 404 2082 399 411 2083 389 405 2084 395 406 2085 394 408 2086 396 413 2087 394 408 2088 391 409 2089 392 415 2090 397 410 2091 388 403 2092 398 414 2093 399 411 2094 393 407 2095 395 406 2096 393 407 2097 399 411 2098 391 409 2099 390 412 2100 398 414 2101 388 403 2102 396 413 2103 392 415 2104 398 414 2105 392 415 2106 397 410 2107 398 414 2108 390 412 2109 395 406 2110 396 413 2111 415 416 2112 416 417 2113 403 418 2114 407 419 2115 411 420 2116 530 421 2117 428 422 2118 424 423 2119 436 424 2120 421 425 2121 556 426 2122 555 427 2123 400 428 2124 547 429 2125 549 430 2126 414 431 2127 407 419 2128 405 432 2129 403 418 2130 410 433 2131 406 434 2132 422 435 2133 531 436 2134 532 437 2135 410 433 2136 411 420 2137 414 431 2138 415 416 2139 408 438 2140 401 439 2141 420 440 2142 527 441 2143 530 421 2144 407 419 2145 414 431 2146 411 420 2147 405 432 2148 409 442 2149 419 443 2150 417 444 2151 422 435 2152 423 445 2153 401 439 2154 408 438 2155 406 434 2156 528 446 2157 422 435 2158 417 444 2159 526 447 2160 529 448 2161 412 449 2162 525 450 2163 426 451 2164 415 416 2165 426 451 2166 421 425 2167 416 417 2168 402 452 2169 415 416 2170 401 439 2171 404 453 2172 400 428 2173 425 454 2174 527 441 2175 417 444 2176 424 423 2177 416 417 2178 421 425 2179 400 428 2180 412 449 2181 525 450 2182 402 452 2183 406 434 2184 414 431 2185 413 455 2186 432 456 2187 429 457 2188 430 458 2189 424 423 2190 417 444 2191 418 459 2192 435 460 2193 432 456 2194 431 461 2195 432 456 2196 427 462 2197 434 463 2198 405 432 2199 407 419 2200 428 422 2201 409 442 2202 405 432 2203 427 462 2204 433 464 2205 434 463 2206 427 462 2207 415 416 2208 403 418 2209 408 438 2210 436 424 2211 431 461 2212 430 458 2213 430 458 2214 429 457 2215 434 463 2216 403 418 2217 416 417 2218 404 453 2219 419 443 2220 402 452 2221 413 455 2222 526 447 2223 419 443 2224 409 442 2225 424 423 2226 418 459 2227 409 442 2228 405 432 2229 428 422 2230 427 462 2231 435 460 2232 409 442 2233 427 462 2234 424 423 2235 428 422 2236 407 419 2237 409 442 2238 435 460 2239 436 424 2240 411 420 2241 410 433 2242 404 453 2243 459 465 2244 456 466 2245 440 467 2246 440 467 2247 456 466 2248 457 468 2249 453 469 2250 458 470 2251 442 471 2252 442 471 2253 458 470 2254 455 472 2255 445 473 2256 437 474 2257 461 475 2258 448 476 2259 442 471 2260 460 477 2261 440 467 2262 460 477 2263 446 478 2264 439 479 2265 445 473 2266 461 475 2267 444 480 2268 457 468 2269 453 469 2270 438 481 2271 455 472 2272 459 465 2273 437 474 2274 445 473 2275 454 482 2276 443 483 2277 447 484 2278 453 469 2279 452 485 2280 441 486 2281 437 474 2282 453 469 2283 447 484 2284 441 486 2285 450 487 2286 439 479 2287 443 483 2288 454 482 2289 445 473 2290 439 479 2291 455 472 2292 449 488 2293 454 482 2294 457 468 2295 451 489 2296 453 469 2297 458 470 2298 452 485 2299 449 488 2300 453 469 2301 452 485 2302 458 470 2303 450 487 2304 451 489 2305 457 468 2306 454 482 2307 450 487 2308 456 466 2309 459 465 2310 440 467 2311 446 478 2312 442 471 2313 438 481 2314 460 477 2315 438 481 2316 446 478 2317 460 477 2318 461 475 2319 447 484 2320 443 483 2321 461 475 2322 437 474 2323 441 486 2324 440 467 2325 457 468 2326 444 480 2327 453 469 2328 442 471 2329 448 476 2330 442 471 2331 455 472 2332 438 481 2333 448 476 2334 460 477 2335 444 480 2336 444 480 2337 460 477 2338 440 467 2339 439 479 2340 461 475 2341 443 483 2342 444 480 2343 453 469 2344 448 476 2345 438 481 2346 459 465 2347 446 478 2348 437 474 2349 454 482 2350 449 488 2351 443 483 2352 453 469 2353 451 489 2354 452 485 2355 437 474 2356 449 488 2357 453 469 2358 441 486 2359 452 485 2360 450 487 2361 443 483 2362 451 489 2363 454 482 2364 439 479 2365 450 487 2366 455 472 2367 454 482 2368 459 465 2369 458 470 2370 449 488 2371 455 472 2372 450 487 2373 457 468 2374 456 466 2375 454 482 2376 456 466 2377 459 465 2378 461 475 2379 441 486 2380 447 484 2381 471 490 2382 470 491 2383 464 492 2384 465 493 2385 464 492 2386 468 494 2387 473 495 2388 472 496 2389 466 497 2390 467 498 2391 466 497 2392 462 499 2393 471 490 2394 473 495 2395 467 498 2396 465 493 2397 469 500 2398 473 495 2399 469 500 2400 468 494 2401 472 496 2402 463 501 2403 462 499 2404 470 491 2405 472 496 2406 468 494 2407 477 502 2408 464 492 2409 470 491 2410 478 503 2411 476 504 2412 482 505 2413 480 506 2414 479 507 2415 485 508 2416 482 505 2417 462 499 2418 474 509 2419 478 503 2420 472 496 2421 479 507 2422 476 504 2423 466 497 2424 476 504 2425 474 509 2426 468 494 2427 464 492 2428 475 510 2429 484 511 2430 480 506 2431 486 512 2432 481 513 2433 484 511 2434 486 512 2435 477 502 2436 475 510 2437 481 513 2438 475 510 2439 478 503 2440 484 511 2441 479 507 2442 477 502 2443 483 514 2444 474 509 2445 480 506 2446 484 511 2447 471 490 2448 464 492 2449 465 493 2450 486 512 2451 480 506 2452 482 505 2453 486 512 2454 485 508 2455 483 514 2456 465 493 2457 468 494 2458 469 500 2459 473 495 2460 466 497 2461 467 498 2462 467 498 2463 462 499 2464 463 501 2465 471 490 2466 467 498 2467 463 501 2468 465 493 2469 473 495 2470 471 490 2471 469 500 2472 472 496 2473 473 495 2474 463 501 2475 470 491 2476 471 490 2477 472 496 2478 477 502 2479 479 507 2480 464 492 2481 478 503 2482 475 510 2483 476 504 2484 480 506 2485 474 509 2486 479 507 2487 482 505 2488 476 504 2489 462 499 2490 478 503 2491 470 491 2492 472 496 2493 476 504 2494 466 497 2495 466 497 2496 474 509 2497 462 499 2498 468 494 2499 475 510 2500 477 502 2501 481 513 2502 486 512 2503 483 514 2504 477 502 2505 481 513 2506 483 514 2507 475 510 2508 484 511 2509 481 513 2510 479 507 2511 483 514 2512 485 508 2513 474 509 2514 484 511 2515 478 503 2516 486 512 2517 482 505 2518 485 508 2519 488 515 2520 499 516 2521 500 517 2522 504 518 2523 501 519 2524 494 520 2525 494 520 2526 501 519 2527 502 521 2528 503 522 2529 499 516 2530 488 515 2531 493 523 2532 495 524 2533 497 525 2534 488 515 2535 505 526 2536 498 527 2537 494 520 2538 492 528 2539 505 526 2540 495 524 2541 489 529 2542 487 530 2543 492 528 2544 502 521 2545 503 522 2546 490 531 2547 500 517 2548 504 518 2549 489 529 2550 495 524 2551 504 518 2552 491 532 2553 497 525 2554 503 522 2555 503 522 2556 497 525 2557 487 530 2558 493 523 2559 491 532 2560 502 521 2561 504 518 2562 495 524 2563 493 523 2564 487 530 2565 489 529 2566 500 517 2567 488 515 2568 500 517 2569 490 531 2570 492 528 2571 498 527 2572 505 526 2573 505 526 2574 496 533 2575 494 520 2576 504 518 2577 494 520 2578 496 533 2579 494 520 2580 502 521 2581 492 528 2582 503 522 2583 488 515 2584 498 527 2585 493 523 2586 497 525 2587 491 532 2588 505 526 2589 490 531 2590 496 533 2591 490 531 2592 505 526 2593 488 515 2594 495 524 2595 487 530 2596 497 525 2597 492 528 2598 503 522 2599 498 527 2600 490 531 2601 504 518 2602 496 533 2603 489 529 2604 504 518 2605 500 517 2606 491 532 2607 503 522 2608 502 521 2609 503 522 2610 487 530 2611 499 516 2612 493 523 2613 502 521 2614 501 519 2615 504 518 2616 493 523 2617 501 519 2618 487 530 2619 500 517 2620 499 516 2621 514 534 2622 508 535 2623 509 536 2624 509 536 2625 508 535 2626 512 537 2627 517 538 2628 516 539 2629 510 540 2630 511 541 2631 510 540 2632 506 542 2633 514 534 2634 506 542 2635 510 540 2636 517 538 2637 511 541 2638 518 543 2639 513 544 2640 517 538 2641 518 543 2642 512 537 2643 508 535 2644 514 534 2645 513 544 2646 512 537 2647 516 539 2648 507 545 2649 506 542 2650 514 534 2651 518 543 2652 515 546 2653 509 536 2654 518 543 2655 511 541 2656 507 545 2657 514 534 2658 509 536 2659 515 546 2660 509 536 2661 512 537 2662 513 544 2663 517 538 2664 510 540 2665 511 541 2666 511 541 2667 506 542 2668 507 545 2669 514 534 2670 510 540 2671 516 539 2672 512 537 2673 514 534 2674 516 539 2675 513 544 2676 516 539 2677 517 538 2678 507 545 2679 514 534 2680 515 546 2681 518 543 2682 509 536 2683 513 544 2684 518 543 2685 507 545 2686 515 546 2687 240 268 2688 239 270 2689 519 547 2690 524 548 2691 523 549 2692 521 550 2693 521 550 2694 243 275 2695 244 274 2696 521 550 2697 523 549 2698 249 276 2699 520 551 2700 524 548 2701 250 278 2702 522 552 2703 244 274 2704 250 278 2705 519 547 2706 239 270 2707 249 276 2708 520 551 2709 519 547 2710 523 549 2711 240 268 2712 519 547 2713 520 551 2714 524 548 2715 521 550 2716 522 552 2717 521 550 2718 244 274 2719 522 552 2720 521 550 2721 249 276 2722 243 275 2723 520 551 2724 250 278 2725 240 268 2726 522 552 2727 250 278 2728 524 548 2729 519 547 2730 249 276 2731 523 549 2732 520 551 2733 523 549 2734 524 548 2735 418 459 2736 423 445 2737 529 448 2738 425 454 2739 528 446 2740 527 441 2741 528 446 2742 425 454 2743 540 553 2744 534 554 2745 532 437 2746 536 555 2747 422 435 2748 528 446 2749 533 556 2750 529 448 2751 423 445 2752 532 437 2753 529 448 2754 534 554 2755 533 556 2756 538 557 2757 536 555 2758 535 558 2759 531 436 2760 533 556 2761 537 559 2762 534 554 2763 538 557 2764 537 559 2765 532 437 2766 531 436 2767 535 558 2768 542 560 2769 541 561 2770 545 562 2771 412 449 2772 529 448 2773 542 560 2774 412 449 2775 539 563 2776 540 553 2777 529 448 2778 528 446 2779 541 561 2780 543 564 2781 546 565 2782 545 562 2783 539 563 2784 542 560 2785 546 565 2786 541 561 2787 540 553 2788 544 566 2789 539 563 2790 543 564 2791 544 566 2792 547 429 2793 551 567 2794 553 568 2795 412 449 2796 548 569 2797 550 570 2798 412 449 2799 425 454 2800 549 430 2801 525 450 2802 550 570 2803 547 429 2804 552 571 2805 553 568 2806 551 567 2807 548 569 2808 549 430 2809 553 568 2810 550 570 2811 554 572 2812 551 567 2813 548 569 2814 552 571 2815 554 572 2816 557 573 2817 561 574 2818 560 575 2819 426 451 2820 557 573 2821 556 426 2822 525 450 2823 400 428 2824 555 427 2825 525 450 2826 558 576 2827 557 573 2828 562 577 2829 559 578 2830 560 575 2831 558 576 2832 555 427 2833 559 578 2834 558 576 2835 562 577 2836 561 574 2837 556 426 2838 560 575 2839 559 578 2840 407 419 2841 530 421 2842 424 423 2843 428 422 2844 436 424 2845 433 464 2846 421 425 2847 555 427 2848 400 428 2849 400 428 2850 549 430 2851 425 454 2852 414 431 2853 405 432 2854 413 455 2855 403 418 2856 406 434 2857 408 438 2858 422 435 2859 532 437 2860 423 445 2861 410 433 2862 414 431 2863 406 434 2864 420 440 2865 530 421 2866 411 420 2867 405 432 2868 419 443 2869 413 455 2870 417 444 2871 423 445 2872 418 459 2873 401 439 2874 406 434 2875 413 455 2876 528 446 2877 417 444 2878 527 441 2879 526 447 2880 412 449 2881 419 443 2882 525 450 2883 415 416 2884 402 452 2885 426 451 2886 416 417 2887 415 416 2888 402 452 2889 401 439 2890 413 455 2891 404 453 2892 425 454 2893 420 440 2894 527 441 2895 424 423 2896 530 421 2897 416 417 2898 400 428 2899 404 453 2900 412 449 2901 402 452 2902 419 443 2903 432 456 2904 430 458 2905 431 461 2906 435 460 2907 431 461 2908 436 424 2909 432 456 2910 434 463 2911 429 457 2912 433 464 2913 427 462 2914 428 422 2915 436 424 2916 430 458 2917 433 464 2918 430 458 2919 434 463 2920 433 464 2921 403 418 2922 404 453 2923 410 433 2924 526 447 2925 409 442 2926 418 459 2927 435 460 2928 427 462 2929 432 456 2930 409 442 2931 436 424 2932 424 423 2933 411 420 2934 404 453 2935 420 440 2936 418 459 2937 529 448 2938 526 447 2939 425 454 2940 527 441 2941 420 440 2942 528 446 2943 540 553 2944 541 561 2945 534 554 2946 536 555 2947 538 557 2948 422 435 2949 533 556 2950 531 436 2951 529 448 2952 532 437 2953 534 554 2954 529 448 2955 533 556 2956 528 446 2957 538 557 2958 535 558 2959 537 559 2960 531 436 2961 537 559 2962 535 558 2963 534 554 2964 537 559 2965 533 556 2966 532 437 2967 535 558 2968 536 555 2969 542 560 2970 545 562 2971 546 565 2972 412 449 2973 542 560 2974 539 563 2975 412 449 2976 540 553 2977 425 454 2978 529 448 2979 541 561 2980 542 560 2981 543 564 2982 545 562 2983 544 566 2984 539 563 2985 546 565 2986 543 564 2987 541 561 2988 544 566 2989 545 562 2990 539 563 2991 544 566 2992 540 553 2993 547 429 2994 553 568 2995 549 430 2996 412 449 2997 550 570 2998 525 450 2999 412 449 3000 549 430 3001 548 569 3002 525 450 3003 547 429 3004 400 428 3005 552 571 3006 551 567 3007 554 572 3008 548 569 3009 553 568 3010 552 571 3011 550 570 3012 551 567 3013 547 429 3014 548 569 3015 554 572 3016 550 570 3017 557 573 3018 560 575 3019 556 426 3020 426 451 3021 556 426 3022 421 425 3023 525 450 3024 555 427 3025 558 576 3026 525 450 3027 557 573 3028 426 451 3029 562 577 3030 560 575 3031 561 574 3032 558 576 3033 559 578 3034 562 577 3035 558 576 3036 561 574 3037 557 573 3038 556 426 3039 559 578 3040 555 427 3041 579 329 3042 575 352 3043 319 337 3044 326 346 3045 563 340 3046 566 328 3047 324 341 3048 575 352 3049 579 329 3050 321 358 3051 567 357 3052 578 344 3053 574 354 3054 317 579 3055 321 358 3056 318 331 3057 317 579 3058 574 354 3059 324 341 3060 563 340 3061 573 351 3062 573 351 3063 563 340 3064 326 346 3065 322 348 3066 577 345 3067 578 344 3068 323 335 3069 569 334 3070 579 329 3071 325 326 3072 566 328 3073 564 580 3074 579 329 3075 318 331 3076 572 353 3077 566 328 3078 323 335 3079 564 580 3080 318 331 3081 571 336 3082 317 579 3083 319 337 3084 571 336 3085 570 330 3086 566 328 3087 324 341 3088 569 334 3089 578 344 3090 326 346 3091 568 327 3092 571 336 3093 322 348 3094 567 357 3095 573 351 3096 322 348 3097 565 338 3098 319 337 3099 573 351 3100 565 338 3101 323 335 3102 574 354 3103 564 580 3104 574 354 3105 325 326 3106 564 580 3107 571 336 3108 321 358 3109 317 579 3110 578 344 3111 325 326 3112 576 355 3113 579 329 3114 319 337 3115 570 330 3116 326 346 3117 566 328 3118 568 327 3119 324 341 3120 579 329 3121 569 334 3122 321 358 3123 578 344 3124 576 355 3125 574 354 3126 321 358 3127 576 355 3128 318 331 3129 574 354 3130 572 353 3131 324 341 3132 573 351 3133 575 352 3134 573 351 3135 326 346 3136 577 345 3137 322 348 3138 578 344 3139 567 357 3140 323 335 3141 579 329 3142 572 353 3143</p>
        </triangles>
      </mesh>
    </geometry>
  </library_geometries>
  <library_controllers>
    <controller id="Tenna_Armature_Tenna-skin" name="Tenna_Armature">
      <skin source="#Cube_021-mesh">
        <bind_shape_matrix>1 0 0 -1.484834 0 1 0 -0.05828333 0 0 1 -0.1173401 0 0 0 1</bind_shape_matrix>
        <source id="Tenna_Armature_Tenna-skin-joints">
          <Name_array id="Tenna_Armature_Tenna-skin-joints-array" count="18">Bone_003 Bone_002 Bone_011 Bone_012 Bone_013 Bone_005 Bone_006 Bone_007 Bone_001 Bone Bone_021 Bone_022 Bone_023 Bone_024 Bone_017 Bone_018 Bone_019 Bone_020</Name_array>
          <technique_common>
            <accessor source="#Tenna_Armature_Tenna-skin-joints-array" count="18" stride="1">
              <param name="JOINT" type="name"/>
            </accessor>
          </technique_common>
        </source>
        <source id="Tenna_Armature_Tenna-skin-bind_poses">
          <float_array id="Tenna_Armature_Tenna-skin-bind_poses-array" count="288">0.9996709 0 -0.02565139 0.5541542 0.02565145 0 0.9996708 -9.706107 0 -0.9999999 0 -0.04557526 0 0 0 1 0.9901211 -2.81349e-7 0.1402154 -1.060508 -0.1402154 -1.60155e-7 0.990121 -6.947844 -2.52873e-7 -0.9999999 0 -0.04557394 0 0 0 1 1 2.44177e-6 -3.73096e-7 0.4395952 0 -0.153229 -0.9881905 9.202982 -3.17367e-6 0.9881911 -0.1532291 3.169559 0 0 0 1 1 2.43754e-6 -2.46494e-7 0.4395943 0 -0.1006108 -0.9949258 7.213373 -3.15518e-6 0.9949263 -0.1006109 2.790969 0 0 0 1 1 2.40985e-6 1.38497e-7 0.439592 0 0.05737674 -0.9983525 5.872678 -3.11211e-6 0.998353 0.05737662 1.889434 0 0 0 1 1.000002 -1.14547e-5 -1.73646e-6 0.4396232 4.87466e-7 0.1532304 -0.9881906 9.230131 1.55914e-5 0.9881927 0.15323 -3.077078 0 0 0 1 1.000002 -1.16515e-5 -1.17825e-6 0.4396194 2.3516e-7 0.1006113 -0.9949259 7.235581 1.5735e-5 0.994928 0.100611 -2.697172 0 0 0 1 1.000002 -1.15524e-5 6.63934e-7 0.4396086 -4.01683e-7 -0.05737674 -0.9983527 5.879833 1.55823e-5 0.9983548 -0.05737668 -1.793308 0 0 0 1 0.8734795 0.007774472 -0.4867989 3.35529 0.4867905 0.003071308 0.8735134 -5.169469 0.008286237 -0.999965 -0.001101613 -0.038459 0 0 0 1 0.8804391 -2.39953e-7 0.4741594 -2.551053 -0.4741594 0 0.8804391 -4.912716 -1.57435e-7 -0.9999999 0 -0.0486648 0 0 0 1 1 -1.64855e-7 0 0.08303076 0 -0.004088103 -0.9999915 5.514128 1.57555e-7 0.9999915 -0.004088222 0.6731421 0 0 0 1 1 -2.30171e-7 0 0.08303052 0 -0.006421685 -0.9999793 3.537919 2.2333e-7 0.9999793 -0.006421864 0.6814003 0 0 0 1 0.9875803 -3.62896e-4 -0.157115 0.2338228 -0.1571149 1.20668e-7 -0.9875801 0.9428133 3.58401e-4 0.9999998 -5.70193e-5 0.6752835 0 0 0 1 0.03259134 -3.63219e-4 0.9994687 -0.2340981 0.999469 0 -0.03259152 0.2064881 1.18338e-5 1 3.62904e-4 0.6751137 0 0 0 1 0.9999998 -1.59833e-7 0 0.0830304 -1.19867e-7 -0.004088103 -0.9999914 5.519225 1.60671e-7 0.9999915 -0.004088222 -0.5739857 0 0 0 1 0.9999998 -2.20699e-7 0 0.08303058 -1.49016e-7 -0.006421685 -0.9999793 3.545927 2.21074e-7 0.9999793 -0.006421864 -0.5657123 0 0 0 1 0.98758 -3.62881e-4 -0.1571149 0.2342752 -0.1571151 1.2348e-7 -0.9875801 0.9428134 3.58395e-4 0.9999999 -5.70174e-5 -0.5718547 0 0 0 1 0.03259134 -3.63219e-4 0.9994685 -0.2336452 0.9994685 0 -0.03259122 0.2064877 1.18337e-5 0.9999999 3.62901e-4 -0.5720245 0 0 0 1</float_array>
          <technique_common>
            <accessor source="#Tenna_Armature_Tenna-skin-bind_poses-array" count="18" stride="16">
              <param name="TRANSFORM" type="float4x4"/>
            </accessor>
          </technique_common>
        </source>
        <source id="Tenna_Armature_Tenna-skin-weights">
          <float_array id="Tenna_Armature_Tenna-skin-weights-array" count="581">1 1 1 1 1 1 1 1 1 1 0.9966419 0.003358125 1 1 1 1 1 1 1 1 1 1 1 1 1 1 1 1 1 1 1 1 1 1 1 1 1 1 1 1 1 1 1 1 1 1 1 1 1 1 1 1 1 1 1 1 1 1 1 1 1 1 1 1 1 1 1 1 1 1 1 1 1 1 1 1 1 1 1 1 1 1 1 1 1 1 1 1 1 1 1 1 1 1 1 1 1 1 1 1 1 1 1 1 1 1 1 1 1 1 1 1 1 1 1 1 1 1 1 1 1 1 1 1 1 1 1 1 1 1 1 1 1 1 1 1 1 1 1 1 1 1 1 1 1 1 1 1 1 1 1 1 1 1 1 1 1 1 1 1 1 1 1 1 1 1 1 1 1 1 1 1 1 1 1 1 1 1 1 1 1 1 1 1 1 1 1 1 1 1 1 1 1 1 1 1 1 1 1 1 1 1 1 1 1 1 1 1 1 1 1 1 1 1 1 1 1 1 1 1 1 1 1 1 1 1 1 1 1 1 1 1 1 1 1 1 1 1 1 1 1 1 1 1 1 1 1 1 1 1 1 1 1 1 1 1 1 1 1 1 1 1 1 1 1 1 1 1 1 1 1 1 1 1 1 1 1 1 1 1 1 1 1 1 1 1 1 1 1 1 1 1 1 1 1 1 1 1 1 1 1 1 1 1 1 1 1 1 1 1 1 1 1 1 1 1 1 1 1 1 1 1 1 1 1 1 1 1 1 1 1 1 1 1 1 1 1 1 1 1 1 1 1 1 1 1 1 1 1 1 1 1 1 1 1 1 1 1 1 1 1 1 1 1 1 1 1 1 1 1 1 1 1 1 1 1 1 1 1 1 1 1 1 1 1 1 1 1 1 1 1 1 1 1 1 1 1 1 1 1 1 1 1 1 1 1 1 1 1 1 1 1 1 1 1 1 1 1 1 1 1 1 1 1 1 1 1 1 1 1 1 1 1 1 1 1 1 1 1 1 1 1 1 1 1 1 1 1 1 1 1 1 1 1 1 1 1 1 1 1 1 1 1 1 1 1 1 1 1 1 1 1 1 1 1 1 1 1 1 1 1 1 1 1 1 1 1 1 1 1 1 1 1 1 1 1 1 1 1 1 1 1 1 1 1 1 1 1 1 1 1 1 1 1 1 1 1 1 1 1 1 1 1 1 1 1 1 1 1 1 1 1 1 1 1 1 1 1 1 1 1 1 1 1 1 1 1 1 1 1 1 1 1 1 1 1 1 1 1 1 1 1 1 1 1 1 1 1 1 1 1 1 1 1 1 1 1 1 1 1 1</float_array>
          <technique_common>
            <accessor source="#Tenna_Armature_Tenna-skin-weights-array" count="581" stride="1">
              <param name="WEIGHT" type="float"/>
            </accessor>
          </technique_common>
        </source>
        <joints>
          <input semantic="JOINT" source="#Tenna_Armature_Tenna-skin-joints"/>
          <input semantic="INV_BIND_MATRIX" source="#Tenna_Armature_Tenna-skin-bind_poses"/>
        </joints>
        <vertex_weights count="580">
          <input semantic="JOINT" source="#Tenna_Armature_Tenna-skin-joints" offset="0"/>
          <input semantic="WEIGHT" source="#Tenna_Armature_Tenna-skin-weights" offset="1"/>
          <vcount>1 1 1 1 1 1 1 1 1 1 2 1 1 1 1 1 1 1 1 1 1 1 1 1 1 1 1 1 1 1 1 1 1 1 1 1 1 1 1 1 1 1 1 1 1 1 1 1 1 1 1 1 1 1 1 1 1 1 1 1 1 1 1 1 1 1 1 1 1 1 1 1 1 1 1 1 1 1 1 1 1 1 1 1 1 1 1 1 1 1 1 1 1 1 1 1 1 1 1 1 1 1 1 1 1 1 1 1 1 1 1 1 1 1 1 1 1 1 1 1 1 1 1 1 1 1 1 1 1 1 1 1 1 1 1 1 1 1 1 1 1 1 1 1 1 1 1 1 1 1 1 1 1 1 1 1 1 1 1 1 1 1 1 1 1 1 1 1 1 1 1 1 1 1 1 1 1 1 1 1 1 1 1 1 1 1 1 1 1 1 1 1 1 1 1 1 1 1 1 1 1 1 1 1 1 1 1 1 1 1 1 1 1 1 1 1 1 1 1 1 1 1 1 1 1 1 1 1 1 1 1 1 1 1 1 1 1 1 1 1 1 1 1 1 1 1 1 1 1 1 1 1 1 1 1 1 1 1 1 1 1 1 1 1 1 1 1 1 1 1 1 1 1 1 1 1 1 1 1 1 1 1 1 1 1 1 1 1 1 1 1 1 1 1 1 1 1 1 1 1 1 1 1 1 1 1 1 1 1 1 1 1 1 1 1 1 1 1 1 1 1 1 1 1 1 1 1 1 1 1 1 1 1 1 1 1 1 1 1 1 1 1 1 1 1 1 1 1 1 1 1 1 1 1 1 1 1 1 1 1 1 1 1 1 1 1 1 1 1 1 1 1 1 1 1 1 1 1 1 1 1 1 1 1 1 1 1 1 1 1 1 1 1 1 1 1 1 1 1 1 1 1 1 1 1 1 1 1 1 1 1 1 1 1 1 1 1 1 1 1 1 1 1 1 1 1 1 1 1 1 1 1 1 1 1 1 1 1 1 1 1 1 1 1 1 1 1 1 1 1 1 1 1 1 1 1 1 1 1 1 1 1 1 1 1 1 1 1 1 1 1 1 1 1 1 1 1 1 1 1 1 1 1 1 1 1 1 1 1 1 1 1 1 1 1 1 1 1 1 1 1 1 1 1 1 1 1 1 1 1 1 1 1 1 1 1 1 1 1 1 1 1 1 1 1 1 1 1 1 1 1 1 1 1 1 1 1 1 1 1 1 1 1 1 1 1 1 1 1 1 1 1 1 1 1 1 1 1 1 1 1 1 1 1 1 1 1 1 1 1 1 1 1 1 1 1 1 1 1 1 </vcount>
          <v>0 0 0 1 0 2 0 3 0 4 0 5 0 6 0 7 0 8 0 9 0 10 1 11 0 12 0 13 0 14 0 15 0 16 0 17 0 18 0 19 0 20 0 21 0 22 8 23 0 24 0 25 8 26 8 27 0 28 0 29 0 30 0 31 0 32 0 33 1 34 1 35 1 36 1 37 1 38 1 39 1 40 1 41 1 42 1 43 1 44 1 45 1 46 1 47 1 48 1 49 1 50 1 51 1 52 1 53 1 54 1 55 1 56 1 57 1 58 1 59 1 60 1 61 1 62 1 63 1 64 8 65 1 66 1 67 1 68 8 69 8 70 8 71 8 72 8 73 8 74 8 75 5 76 5 77 5 78 5 79 5 80 5 81 5 82 5 83 5 84 5 85 5 86 5 87 5 88 5 89 5 90 5 91 5 92 5 93 5 94 5 95 5 96 5 97 5 98 6 99 5 100 5 101 5 102 5 103 5 104 5 105 5 106 5 107 5 108 6 109 6 110 6 111 6 112 6 113 6 114 6 115 6 116 6 117 6 118 6 119 6 120 7 121 7 122 7 123 7 124 7 125 7 126 7 127 7 128 7 129 7 130 7 131 7 132 7 133 7 134 7 135 7 136 7 137 7 138 7 139 7 140 7 141 7 142 7 143 7 144 7 145 7 146 7 147 7 148 7 149 7 150 7 151 7 152 7 153 7 154 7 155 7 156 7 157 14 158 14 159 14 160 14 161 14 162 14 163 14 164 14 165 14 166 14 167 14 168 14 169 14 170 14 171 14 172 14 173 14 174 14 175 14 176 14 177 14 178 14 179 14 180 14 181 14 182 15 183 15 184 15 185 15 186 15 187 15 188 15 189 15 190 15 191 15 192 15 193 15 194 15 195 15 196 15 197 15 198 15 199 15 200 15 201 15 202 15 203 15 204 15 205 15 206 15 207 16 208 16 209 16 210 16 211 16 212 16 213 16 214 16 215 16 216 16 217 16 218 16 219 16 220 16 221 16 222 16 223 16 224 16 225 16 226 17 227 17 228 17 229 17 230 17 231 17 232 17 233 17 234 17 235 17 236 17 237 17 238 17 239 9 240 9 241 9 242 9 243 9 244 9 245 9 246 9 247 9 248 9 249 9 250 9 251 7 252 7 253 7 254 7 255 7 256 7 257 7 258 7 259 7 260 7 261 7 262 7 263 7 264 7 265 7 266 7 267 7 268 7 269 7 270 7 271 7 272 7 273 7 274 7 275 7 276 7 277 7 278 7 279 7 280 7 281 7 282 7 283 7 284 7 285 7 286 7 287 7 288 7 289 0 290 0 291 0 292 0 293 0 294 0 295 0 296 0 297 0 298 0 299 0 300 0 301 0 302 0 303 0 304 0 305 0 306 0 307 0 308 0 309 0 310 0 311 0 312 0 313 0 314 0 315 0 316 0 317 0 318 0 319 0 320 8 321 0 322 0 323 0 324 0 325 0 326 0 327 0 328 0 329 1 330 1 331 1 332 1 333 1 334 1 335 1 336 1 337 1 338 1 339 1 340 1 341 1 342 1 343 1 344 1 345 1 346 1 347 1 348 1 349 8 350 1 351 1 352 8 353 8 354 8 355 2 356 2 357 2 358 2 359 2 360 2 361 2 362 2 363 2 364 2 365 2 366 2 367 2 368 2 369 2 370 2 371 2 372 2 373 2 374 2 375 2 376 2 377 2 378 3 379 2 380 2 381 2 382 2 383 2 384 2 385 2 386 2 387 2 388 3 389 3 390 3 391 3 392 3 393 3 394 3 395 3 396 3 397 3 398 3 399 3 400 4 401 4 402 4 403 4 404 4 405 4 406 4 407 4 408 4 409 4 410 4 411 4 412 4 413 4 414 4 415 4 416 4 417 4 418 4 419 4 420 4 421 4 422 4 423 4 424 4 425 4 426 4 427 4 428 4 429 4 430 4 431 4 432 4 433 4 434 4 435 4 436 4 437 10 438 10 439 10 440 10 441 10 442 10 443 10 444 10 445 10 446 10 447 10 448 10 449 10 450 10 451 10 452 10 453 10 454 10 455 10 456 10 457 10 458 10 459 10 460 10 461 10 462 11 463 11 464 11 465 11 466 11 467 11 468 11 469 11 470 11 471 11 472 11 473 11 474 11 475 11 476 11 477 11 478 11 479 11 480 11 481 11 482 11 483 11 484 11 485 11 486 11 487 12 488 12 489 12 490 12 491 12 492 12 493 12 494 12 495 12 496 12 497 12 498 12 499 12 500 12 501 12 502 12 503 12 504 12 505 12 506 13 507 13 508 13 509 13 510 13 511 13 512 13 513 13 514 13 515 13 516 13 517 13 518 13 519 9 520 9 521 9 522 9 523 9 524 9 525 4 526 4 527 4 528 4 529 4 530 4 531 4 532 4 533 4 534 4 535 4 536 4 537 4 538 4 539 4 540 4 541 4 542 4 543 4 544 4 545 4 546 4 547 4 548 4 549 4 550 4 551 4 552 4 553 4 554 4 555 4 556 4 557 4 558 4 559 4 560 4 561 4 562 4 563 0 564 0 565 0 566 0 567 0 568 0 569 0 570 0 571 0 572 0 573 0 574 0 575 0 576 0 577 0 578 0 579 0 580</v>
        </vertex_weights>
      </skin>
    </controller>
  </library_controllers>
  <library_visual_scenes>
    <visual_scene id="Scene" name="Scene">
      <node id="Tenna_Armature" name="Tenna_Armature" type="NODE">
        <matrix sid="transform">1 0 0 0 0 1 0 0.005682465 0 0 1 0 0 0 0 1</matrix>
        <node id="Tenna_Armature_Bone" name="Bone" sid="Bone" type="JOINT">
          <matrix sid="transform">0.880439 -0.4741594 -1.60187e-7 -0.08336358 -1.78814e-7 0 -1 -0.05434776 0.4741594 0.8804391 -2.08616e-7 5.534953 0 0 0 1</matrix>
          <node id="Tenna_Armature_Bone_001" name="Bone.001" sid="Bone_001" type="JOINT">
            <matrix sid="transform">0.5382252 0.842774 0.006773376 8.9407e-8 -0.8427653 0.538259 -0.004898951 0.6973312 -0.007774538 -0.003071627 0.9999651 -3.72529e-9 0 0 0 1</matrix>
            <node id="Tenna_Armature_Bone_002" name="Bone.002" sid="Bone_002" type="JOINT">
              <matrix sid="transform">0.7965937 -0.6044652 -0.007774627 4.91738e-7 0.6044615 0.7966285 -0.003071665 1.006277 0.008050202 -0.002252595 0.9999651 3.72529e-9 0 0 0 1</matrix>
              <node id="Tenna_Armature_Bone_003" name="Bone.003" sid="Bone_003" type="JOINT">
                <matrix sid="transform">0.9861986 0.1655673 2.95976e-7 0 -0.1655673 0.9861985 1.00248e-7 2.716054 -2.75293e-7 -1.47868e-7 1 3.72529e-9 0 0 0 1</matrix>
                <extra>
                  <technique profile="blender">
                    <connect sid="connect" type="bool">1</connect>
                    <collections type="string">Bones</collections>
                    <roll sid="roll" type="float">0.02565419</roll>
                    <tip_x sid="tip_x" type="float">0.03977751</tip_x>
                    <tip_y sid="tip_y" type="float">0</tip_y>
                    <tip_z sid="tip_z" type="float">1.550186</tip_z>
                  </technique>
                </extra>
              </node>
              <node id="Tenna_Armature_Bone_005" name="Bone.005" sid="Bone_005" type="JOINT">
                <matrix sid="transform">0.990119 -0.1385596 0.02149642 -0.1507183 -0.1402171 -0.9784282 0.1517145 2.611656 1.5229e-5 -0.1532296 -0.9881883 -1.671984 0 0 0 1</matrix>
                <node id="Tenna_Armature_Bone_006" name="Bone.006" sid="Bone_006" type="JOINT">
                  <matrix sid="transform">1 5.75183e-7 1.39716e-7 2.98023e-8 -5.81783e-7 0.9985929 0.05302967 2.147761 -1.09015e-7 -0.05302966 0.998593 -1.19209e-7 0 0 0 1</matrix>
                  <node id="Tenna_Armature_Bone_007" name="Bone.007" sid="Bone_007" type="JOINT">
                    <matrix sid="transform">0.9999999 1.84483e-6 6.76061e-9 2.98023e-8 -1.82286e-6 0.9875141 0.1575308 1.711666 2.83942e-7 -0.1575308 0.9875141 2.38419e-7 0 0 0 1</matrix>
                    <extra>
                      <technique profile="blender">
                        <connect sid="connect" type="bool">1</connect>
                        <collections type="string">Bones</collections>
                        <roll sid="roll" type="float">1.15715e-5</roll>
                        <tip_x sid="tip_x" type="float">0</tip_x>
                        <tip_y sid="tip_y" type="float">-0.04783654</tip_y>
                        <tip_z sid="tip_z" type="float">-0.8323555</tip_z>
                      </technique>
                    </extra>
                  </node>
                  <extra>
                    <technique profile="blender">
                      <connect sid="connect" type="bool">1</connect>
                      <collections type="string">Bones</collections>
                      <roll sid="roll" type="float">1.17109e-5</roll>
                    </technique>
                  </extra>
                </node>
                <extra>
                  <technique profile="blender">
                    <collections type="string">Bones</collections>
                    <roll sid="roll" type="float">1.16616e-5</roll>
                  </technique>
                </extra>
              </node>
              <node id="Tenna_Armature_Bone_011" name="Bone.011" sid="Bone_011" type="JOINT">
                <matrix sid="transform">0.9901206 -0.1385596 -0.0214878 -0.1524922 -0.1402158 -0.9784285 -0.1517151 2.599124 -3.39746e-6 0.1532291 -0.9881902 1.67639 0 0 0 1</matrix>
                <node id="Tenna_Armature_Bone_012" name="Bone.012" sid="Bone_012" type="JOINT">
                  <matrix sid="transform">1 1.25535e-7 1.69388e-8 0 -1.2446e-7 0.9985929 -0.05302884 2.147761 -2.35721e-8 0.05302884 0.998593 0 0 0 0 1</matrix>
                  <node id="Tenna_Armature_Bone_013" name="Bone.013" sid="Bone_013" type="JOINT">
                    <matrix sid="transform">1 3.85946e-7 5.55685e-9 2.98023e-8 -3.80252e-7 0.9875141 -0.1575307 1.711665 -6.62857e-8 0.1575307 0.9875141 0 0 0 0 1</matrix>
                    <extra>
                      <technique profile="blender">
                        <connect sid="connect" type="bool">1</connect>
                        <collections type="string">Bones</collections>
                        <roll sid="roll" type="float">-2.41383e-6</roll>
                        <tip_x sid="tip_x" type="float">0</tip_x>
                        <tip_y sid="tip_y" type="float">0.04783654</tip_y>
                        <tip_z sid="tip_z" type="float">-0.8323555</tip_z>
                      </technique>
                    </extra>
                  </node>
                  <extra>
                    <technique profile="blender">
                      <connect sid="connect" type="bool">1</connect>
                      <collections type="string">Bones</collections>
                      <roll sid="roll" type="float">-2.44997e-6</roll>
                    </technique>
                  </extra>
                </node>
                <extra>
                  <technique profile="blender">
                    <collections type="string">Bones</collections>
                    <roll sid="roll" type="float">-2.50837e-6</roll>
                  </technique>
                </extra>
              </node>
              <extra>
                <technique profile="blender">
                  <connect sid="connect" type="bool">1</connect>
                  <collections type="string">Bones</collections>
                  <roll sid="roll" type="float">-0.1406792</roll>
                </technique>
              </extra>
            </node>
            <extra>
              <technique profile="blender">
                <connect sid="connect" type="bool">1</connect>
                <collections type="string">Bones</collections>
                <roll sid="roll" type="float">0.5161889</roll>
              </technique>
            </extra>
          </node>
          <node id="Tenna_Armature_Bone_017" name="Bone.017" sid="Bone_017" type="JOINT">
            <matrix sid="transform">0.8804393 -0.4741555 -0.001938515 -0.008298427 -0.4741596 -0.8804319 -0.003599516 -0.01611084 3.72526e-9 0.004088321 -0.9999917 -0.6452101 0 0 0 1</matrix>
            <node id="Tenna_Armature_Bone_018" name="Bone.018" sid="Bone_018" type="JOINT">
              <matrix sid="transform">1 -2.87741e-8 6.06829e-8 0 2.86324e-8 0.9999972 0.002333661 1.974628 -6.07499e-8 -0.00233366 0.9999973 5.96046e-8 0 0 0 1</matrix>
              <node id="Tenna_Armature_Bone_019" name="Bone.019" sid="Bone_019" type="JOINT">
                <matrix sid="transform">0.9875802 -0.157115 3.58173e-4 7.45058e-9 0.1571141 0.98756 -0.006364849 2.574395 6.46296e-4 0.006342073 0.9999797 5.96046e-8 0 0 0 1</matrix>
                <node id="Tenna_Armature_Bone_020" name="Bone.020" sid="Bone_020" type="JOINT">
                  <matrix sid="transform">-0.1248449 0.9921762 -4.08233e-4 0 -0.9921762 -0.1248451 -3.60253e-4 0.7365689 -4.084e-4 3.60063e-4 0.9999999 5.96046e-8 0 0 0 1</matrix>
                  <extra>
                    <technique profile="blender">
                      <connect sid="connect" type="bool">1</connect>
                      <collections type="string">Bones</collections>
                      <roll sid="roll" type="float">-1.537836</roll>
                      <tip_x sid="tip_x" type="float">1.520971</tip_x>
                      <tip_y sid="tip_y" type="float">0</tip_y>
                      <tip_z sid="tip_z" type="float">-0.04959684</tip_z>
                    </technique>
                  </extra>
                </node>
                <extra>
                  <technique profile="blender">
                    <connect sid="connect" type="bool">1</connect>
                    <collections type="string">Bones</collections>
                    <roll sid="roll" type="float">0.1581315</roll>
                  </technique>
                </extra>
              </node>
              <extra>
                <technique profile="blender">
                  <connect sid="connect" type="bool">1</connect>
                  <collections type="string">Bones</collections>
                  <roll sid="roll" type="float">2.20704e-7</roll>
                </technique>
              </extra>
            </node>
            <extra>
              <technique profile="blender">
                <collections type="string">Bones</collections>
                <roll sid="roll" type="float">0</roll>
              </technique>
            </extra>
          </node>
          <node id="Tenna_Armature_Bone_021" name="Bone.021" sid="Bone_021" type="JOINT">
            <matrix sid="transform">0.880439 -0.4741555 -0.001938513 -0.008298151 -0.4741593 -0.8804318 -0.003599521 -0.0161107 -1.67377e-14 0.00408832 -0.9999917 0.6019282 0 0 0 1</matrix>
            <node id="Tenna_Armature_Bone_022" name="Bone.022" sid="Bone_022" type="JOINT">
              <matrix sid="transform">1 6.06435e-8 6.57067e-8 7.45058e-9 -6.07967e-8 0.9999973 0.002333661 1.974628 -6.5565e-8 -0.002333661 0.9999973 0 0 0 0 1</matrix>
              <node id="Tenna_Armature_Bone_023" name="Bone.023" sid="Bone_023" type="JOINT">
                <matrix sid="transform">0.9875802 -0.1571151 3.58178e-4 0 0.1571141 0.9875599 -0.006364847 2.574395 6.46291e-4 0.006342072 0.9999796 5.96046e-8 0 0 0 1</matrix>
                <node id="Tenna_Armature_Bone_024" name="Bone.024" sid="Bone_024" type="JOINT">
                  <matrix sid="transform">-0.1248447 0.9921761 -4.08239e-4 -1.49012e-8 -0.9921761 -0.1248449 -3.60257e-4 0.7365689 -4.08405e-4 3.60069e-4 0.9999998 0 0 0 0 1</matrix>
                  <extra>
                    <technique profile="blender">
                      <connect sid="connect" type="bool">1</connect>
                      <collections type="string">Bones</collections>
                      <roll sid="roll" type="float">-1.537836</roll>
                      <tip_x sid="tip_x" type="float">1.520971</tip_x>
                      <tip_y sid="tip_y" type="float">0</tip_y>
                      <tip_z sid="tip_z" type="float">-0.04959684</tip_z>
                    </technique>
                  </extra>
                </node>
                <extra>
                  <technique profile="blender">
                    <connect sid="connect" type="bool">1</connect>
                    <collections type="string">Bones</collections>
                    <roll sid="roll" type="float">0.1581315</roll>
                  </technique>
                </extra>
              </node>
              <extra>
                <technique profile="blender">
                  <connect sid="connect" type="bool">1</connect>
                  <collections type="string">Bones</collections>
                  <roll sid="roll" type="float">2.30176e-7</roll>
                </technique>
              </extra>
            </node>
            <extra>
              <technique profile="blender">
                <collections type="string">Bones</collections>
                <roll sid="roll" type="float">0</roll>
              </technique>
            </extra>
          </node>
          <extra>
            <technique profile="blender">
              <collections type="string">Bones</collections>
              <roll sid="roll" type="float">-0.4940091</roll>
            </technique>
          </extra>
        </node>
        <node id="Tenna" name="Tenna" type="NODE">
          <matrix sid="transform">1 0 0 0 0 1 0 0 0 0 1 0 0 0 0 1</matrix>
          <instance_controller url="#Tenna_Armature_Tenna-skin">
            <skeleton>#Tenna_Armature_Bone</skeleton>
            <bind_material>
              <technique_common>
                <instance_material symbol="TennaBtl-material" target="#TennaBtl-material">
                  <bind_vertex_input semantic="UVMap" input_semantic="TEXCOORD" input_set="0"/>
                </instance_material>
              </technique_common>
            </bind_material>
          </instance_controller>
        </node>
        <extra>
          <technique profile="blender">
            <collections sid="collections" type="string">Bones</collections>
            <visible_collections sid="visible_collections" type="string">Bones</visible_collections>
            <active_collection sid="active_collection" type="string">Bones</active_collection>
          </technique>
        </extra>
      </node>
    </visual_scene>
  </library_visual_scenes>
  <scene>
    <instance_visual_scene url="#Scene"/>
  </scene>
</COLLADA>